"982.3024496050084","62250.0","-23.43","7","XWeapons.AssaultRiflePickup"
"711.7926774700622","65548.0","33.89","7","XWeapons.AssaultRiflePickup"
"686.4946186242104","62168.0","33.89","7","XWeapons.AssaultRiflePickup"
"460.1422160593398","94513.0","-29.54","7","XWeapons.AssaultRiflePickup"
"705.9361206228223","64788.0","0.0","7","XWeapons.AssaultRiflePickup"
"975.2973267675865","97989.0","0.0","7","XWeapons.AssaultRiflePickup"
"939.6888846847129","100233.0","0.0","7","XWeapons.AssaultRiflePickup"
"868.7968444924281","116287.0","-210.28","7","XWeapons.AssaultRiflePickup"
"1045.031939129135","44986.0","-63.15","7","XWeapons.AssaultRiflePickup"
"865.0984561886585","116582.0","-210.28","7","XWeapons.AssaultRiflePickup"
"1084.371180085491","42720.0","-63.15","7","XWeapons.AssaultRiflePickup"
"1645.472848180729","102089.0","0.0","7","XWeapons.AssaultRiflePickup"
"697.2968688442533","88605.0","0.0","7","XWeapons.AssaultRiflePickup"
"1290.629772049289","46014.0","-139.82","7","XWeapons.AssaultRiflePickup"
"540.9661640065854","78073.0","454.67","7","XWeapons.AssaultRiflePickup"
"509.251026704905","74187.0","454.67","7","XWeapons.AssaultRiflePickup"
"651.8034861060503","78853.0","-52.41","7","XWeapons.AssaultRiflePickup"
"634.4904438996698","79585.0","-52.41","7","XWeapons.AssaultRiflePickup"
"349.71932660349216","92826.0","-211.19","7","XWeapons.AssaultRiflePickup"
"804.8578732919246","80978.0","82.95","7","XWeapons.AssaultRiflePickup"
"279.3371316169764","92615.0","-211.19","7","XWeapons.AssaultRiflePickup"
"389.08496000231105","85887.0","454.65","7","XWeapons.AssaultRiflePickup"
"906.4554023778555","59785.0","-211.75","7","XWeapons.AssaultRiflePickup"
"244.33140240255645","67232.0","454.65","7","XWeapons.AssaultRiflePickup"
"206.60085987236357","64930.0","454.65","7","XWeapons.AssaultRiflePickup"
"511.382141651427","74435.0","0.0","7","XWeapons.AssaultRiflePickup"
"462.8169417815213","75516.0","0.0","7","XWeapons.AssaultRiflePickup"
"233.97085074854942","83171.0","0.0","7","XWeapons.AssaultRiflePickup"
"989.0185386533459","78182.0","257.35","7","XWeapons.AssaultRiflePickup"
"233.97085074854942","83171.0","0.0","7","XWeapons.AssaultRiflePickup"
"233.97085074854942","83171.0","0.0","7","XWeapons.AssaultRiflePickup"
"233.97085074854942","83171.0","0.0","7","XWeapons.AssaultRiflePickup"
"711.8853085294006","51711.0","0.0","7","XWeapons.AssaultRiflePickup"
"205.20862798625214","122254.0","0.0","7","XWeapons.AssaultRiflePickup"
"205.20862798625214","122254.0","0.0","7","XWeapons.AssaultRiflePickup"
"240.32694335009555","104985.0","0.0","7","XWeapons.AssaultRiflePickup"
"240.32694335009555","98319.0","0.0","7","XWeapons.AssaultRiflePickup"
"908.5959322493139","78713.0","8.72","7","XWeapons.AssaultRiflePickup"
"240.32694335009555","104919.0","0.0","7","XWeapons.AssaultRiflePickup"
"850.8610091548442","79297.0","8.72","7","XWeapons.AssaultRiflePickup"
"240.32694335009555","44669.0","0.0","7","XWeapons.AssaultRiflePickup"
"205.20862798625214","66618.0","0.0","7","XWeapons.AssaultRiflePickup"
"205.20862798625214","66618.0","0.0","7","XWeapons.AssaultRiflePickup"
"240.32694335009555","45301.0","0.0","7","XWeapons.AssaultRiflePickup"
"1216.2207566885215","101620.0","185.05","7","XWeapons.AssaultRiflePickup"
"240.32694335009555","45301.0","0.0","7","XWeapons.AssaultRiflePickup"
"548.4833032098608","79359.0","-439.28","7","XWeapons.AssaultRiflePickup"
"240.32694335009555","45301.0","0.0","7","XWeapons.AssaultRiflePickup"
"240.32694335009555","45301.0","0.0","7","XWeapons.AssaultRiflePickup"
"240.32694335009555","45301.0","0.0","7","XWeapons.AssaultRiflePickup"
"205.20862798625214","70550.0","0.0","7","XWeapons.AssaultRiflePickup"
"205.20862798625214","70550.0","0.0","7","XWeapons.AssaultRiflePickup"
"240.32694335009555","45301.0","0.0","7","XWeapons.AssaultRiflePickup"
"571.2432551024126","70058.0","-252.26","7","XWeapons.AssaultRiflePickup"
"1061.1686634555322","99471.0","0.0","7","XWeapons.AssaultRiflePickup"
"509.3357040302595","83313.0","0.0","7","XWeapons.AssaultRiflePickup"
"417.0861976858021","100019.0","0.0","7","XWeapons.AssaultRiflePickup"
"475.30730312083364","86330.0","0.0","7","XWeapons.AssaultRiflePickup"
"417.0861976858021","37783.0","0.0","7","XWeapons.AssaultRiflePickup"
"417.0861976858021","99870.0","0.0","7","XWeapons.AssaultRiflePickup"
"417.0861976858021","38551.0","0.0","7","XWeapons.AssaultRiflePickup"
"443.6455951545108","18594.0","0.0","7","XWeapons.AssaultRiflePickup"
"671.7788677831418","65640.0","-418.47","7","XWeapons.AssaultRiflePickup"
"417.0861976858021","38402.0","0.0","7","XWeapons.AssaultRiflePickup"
"443.6455951545108","18594.0","0.0","7","XWeapons.AssaultRiflePickup"
"417.0861976858021","38402.0","0.0","7","XWeapons.AssaultRiflePickup"
"417.0861976858021","38402.0","0.0","7","XWeapons.AssaultRiflePickup"
"417.0861976858021","38402.0","0.0","7","XWeapons.AssaultRiflePickup"
"417.0861976858021","38402.0","0.0","7","XWeapons.AssaultRiflePickup"
"1095.7715607278735","96281.0","73.23","7","XWeapons.AssaultRiflePickup"
"443.6455951545108","18594.0","0.0","7","XWeapons.AssaultRiflePickup"
"417.0861976858021","38402.0","0.0","7","XWeapons.AssaultRiflePickup"
"700.0104097797405","48064.0","0.0","7","XWeapons.AssaultRiflePickup"
"700.0104097797405","57898.0","0.0","7","XWeapons.AssaultRiflePickup"
"3459.2651196605334","77862.0","-312.09","7","XWeapons.AssaultRiflePickup"
"1553.9430040062603","93201.0","72.82","7","XWeapons.AssaultRiflePickup"
"700.0104097797405","51825.0","0.0","7","XWeapons.AssaultRiflePickup"
"184.90784975224815","66677.0","-437.69","7","XWeapons.AssaultRiflePickup"
"700.0104097797405","51825.0","0.0","7","XWeapons.AssaultRiflePickup"
"184.90784975224815","66598.0","-437.69","7","XWeapons.AssaultRiflePickup"
"2177.3994899191102","66776.0","259.43","7","XWeapons.AssaultRiflePickup"
"606.0518219591457","49094.0","48.94","7","XWeapons.AssaultRiflePickup"
"606.0518219591457","48778.0","-11.95","7","XWeapons.AssaultRiflePickup"
"416.78058855949627","66357.0","-199.94","7","XWeapons.AssaultRiflePickup"
"606.0518219591457","49094.0","48.94","7","XWeapons.AssaultRiflePickup"
"416.78058855949627","66357.0","-199.94","7","XWeapons.AssaultRiflePickup"
"2119.48247992287","59174.0","300.66","7","XWeapons.AssaultRiflePickup"
"2070.5463767083315","57649.0","300.66","7","XWeapons.AssaultRiflePickup"
"601.2585824751277","46361.0","0.0","7","XWeapons.AssaultRiflePickup"
"421.476782990475","96809.0","0.0","7","XWeapons.AssaultRiflePickup"
"421.476782990475","96805.0","0.0","7","XWeapons.AssaultRiflePickup"
"367.58056382240886","36658.0","0.0","7","XWeapons.AssaultRiflePickup"
"332.89929783644783","33862.0","0.0","7","XWeapons.AssaultRiflePickup"
"313.7561929269285","33798.0","393.91","7","XWeapons.AssaultRiflePickup"
"313.7561929269285","33756.0","393.91","7","XWeapons.AssaultRiflePickup"
"137.83126822314316","33542.0","0.0","7","XWeapons.AssaultRiflePickup"
"487.46495268890874","47468.0","409.41","7","XWeapons.AssaultRiflePickup"
"2041.0077359481027","55258.0","409.41","7","XWeapons.AssaultRiflePickup"
"79.84051164665728","33367.0","0.0","7","XWeapons.AssaultRiflePickup"
"51.632259295909336","97892.0","465.41","7","XWeapons.AssaultRiflePickup"
"51.632259295909336","97892.0","465.41","7","XWeapons.AssaultRiflePickup"
"51.54842577615731","97498.0","0.0","7","XWeapons.AssaultRiflePickup"
"51.54842577615731","97498.0","0.0","7","XWeapons.AssaultRiflePickup"
"1658.559337407016","105061.0","0.0","7","XWeapons.AssaultRiflePickup"
"51.54842577615731","97498.0","0.0","7","XWeapons.AssaultRiflePickup"
"1623.4133948258527","101982.0","0.0","7","XWeapons.AssaultRiflePickup"
"51.54842577615731","97498.0","0.0","7","XWeapons.AssaultRiflePickup"
"1555.192460951377","96426.0","0.0","7","XWeapons.AssaultRiflePickup"
"51.54842577615731","97498.0","0.0","7","XWeapons.AssaultRiflePickup"
"51.54842577615731","97498.0","0.0","7","XWeapons.AssaultRiflePickup"
"51.54842577615731","97498.0","0.0","7","XWeapons.AssaultRiflePickup"
"51.54842577615731","97498.0","0.0","7","XWeapons.AssaultRiflePickup"
"1923.450586030221","69879.0","365.2","7","XWeapons.AssaultRiflePickup"
"51.54842577615731","97498.0","0.0","7","XWeapons.AssaultRiflePickup"
"51.54842577615731","97498.0","0.0","7","XWeapons.AssaultRiflePickup"
"51.54842577615731","97498.0","0.0","7","XWeapons.AssaultRiflePickup"
"2155.986360114553","65403.0","439.23","7","XWeapons.AssaultRiflePickup"
"51.54842577615731","97498.0","0.0","7","XWeapons.AssaultRiflePickup"
"1547.378885761338","66257.0","0.0","7","XWeapons.AssaultRiflePickup"
"51.54842577615731","97498.0","0.0","7","XWeapons.AssaultRiflePickup"
"1521.008371738959","65129.0","0.0","7","XWeapons.AssaultRiflePickup"
"51.54842577615731","97498.0","0.0","7","XWeapons.AssaultRiflePickup"
"51.54842577615731","97498.0","0.0","7","XWeapons.AssaultRiflePickup"
"2078.3347904993557","29476.0","0.0","7","XWeapons.AssaultRiflePickup"
"51.54842577615731","97498.0","0.0","7","XWeapons.AssaultRiflePickup"
"1535.0926063922007","63799.0","-64.06","7","XWeapons.AssaultRiflePickup"
"947.1428528474466","66321.0","0.0","0","XWeapons.AssaultRiflePickup"
"923.4248656496098","66433.0","0.0","0","XWeapons.AssaultRiflePickup"
"698.6252355161529","65043.0","0.0","0","XWeapons.AssaultRiflePickup"
"671.234089867313","64655.0","0.0","0","XWeapons.AssaultRiflePickup"
"430.36915282115655","59289.0","0.0","7","XWeapons.AssaultRiflePickup"
"1375.5062024578442","33541.0","0.0","7","XWeapons.AssaultRiflePickup"
"1327.1623394671808","33545.0","0.0","7","XWeapons.AssaultRiflePickup"
"1302.7671298048626","33763.0","437.61","7","XWeapons.AssaultRiflePickup"
"1307.696913661572","95562.0","-185.0","7","XWeapons.AssaultRiflePickup"
"327.1288016974354","66640.0","0.0","7","XWeapons.AssaultRiflePickup"
"1302.7671298048626","33824.0","437.61","7","XWeapons.AssaultRiflePickup"
"327.1288016974354","66640.0","0.0","7","XWeapons.AssaultRiflePickup"
"327.1288016974354","67312.0","0.0","7","XWeapons.AssaultRiflePickup"
"1084.9837493713903","34156.0","0.0","7","XWeapons.AssaultRiflePickup"
"327.1288016974354","67312.0","0.0","7","XWeapons.AssaultRiflePickup"
"327.1288016974354","67312.0","0.0","7","XWeapons.AssaultRiflePickup"
"1060.3057842905507","34136.0","438.73","7","XWeapons.AssaultRiflePickup"
"327.1288016974354","67236.0","0.0","7","XWeapons.AssaultRiflePickup"
"815.9291014542869","34072.0","438.7","7","XWeapons.AssaultRiflePickup"
"327.1288016974354","67198.0","0.0","7","XWeapons.AssaultRiflePickup"
"327.1288016974354","67198.0","0.0","7","XWeapons.AssaultRiflePickup"
"815.9291014542869","34056.0","438.7","7","XWeapons.AssaultRiflePickup"
"327.1288016974354","67198.0","0.0","7","XWeapons.AssaultRiflePickup"
"595.2690404346592","33561.0","0.0","7","XWeapons.AssaultRiflePickup"
"327.1288016974354","67160.0","0.0","7","XWeapons.AssaultRiflePickup"
"327.1288016974354","67160.0","0.0","7","XWeapons.AssaultRiflePickup"
"570.5962889819738","33479.0","438.96","3","XWeapons.AssaultRiflePickup"
"327.1288016974354","67160.0","0.0","7","XWeapons.AssaultRiflePickup"
"327.1288016974354","67160.0","0.0","7","XWeapons.AssaultRiflePickup"
"423.02293472103844","33656.0","0.0","7","XWeapons.AssaultRiflePickup"
"423.02293472103844","33639.0","0.0","7","XWeapons.AssaultRiflePickup"
"423.02293472103844","33608.0","0.0","3","XWeapons.AssaultRiflePickup"
"2368.2300383408697","97903.0","-140.55","7","XWeapons.AssaultRiflePickup"
"423.02293472103844","33608.0","0.0","3","XWeapons.AssaultRiflePickup"
"1796.9939415312451","79511.0","-140.55","7","XWeapons.AssaultRiflePickup"
"1791.1380480856299","72845.0","-140.55","7","XWeapons.AssaultRiflePickup"
"423.02293472103844","33608.0","0.0","7","XWeapons.AssaultRiflePickup"
"423.02293472103844","33608.0","0.0","7","XWeapons.AssaultRiflePickup"
"2628.348687389099","93176.0","-140.55","7","XWeapons.AssaultRiflePickup"
"423.02293472103844","33608.0","0.0","3","XWeapons.AssaultRiflePickup"
"423.02293472103844","33608.0","0.0","3","XWeapons.AssaultRiflePickup"
"423.02293472103844","33608.0","0.0","7","XWeapons.AssaultRiflePickup"
"423.02293472103844","33608.0","0.0","7","XWeapons.AssaultRiflePickup"
"1036.723836853383","111772.0","0.0","7","XWeapons.AssaultRiflePickup"
"987.359029178343","113786.0","0.0","7","XWeapons.AssaultRiflePickup"
"423.02293472103844","33608.0","0.0","3","XWeapons.AssaultRiflePickup"
"423.02293472103844","33608.0","0.0","3","XWeapons.AssaultRiflePickup"
"423.02293472103844","33608.0","0.0","7","XWeapons.AssaultRiflePickup"
"423.02293472103844","33608.0","0.0","7","XWeapons.AssaultRiflePickup"
"794.35944747954","68252.0","0.0","7","XWeapons.AssaultRiflePickup"
"745.7874258795197","70919.0","0.0","7","XWeapons.AssaultRiflePickup"
"672.0758875305676","81772.0","219.14","7","XWeapons.AssaultRiflePickup"
"672.0758875305676","75985.0","219.14","7","XWeapons.AssaultRiflePickup"
"573.85358463636","75939.0","0.0","7","XWeapons.AssaultRiflePickup"
"573.85358463636","75939.0","0.0","7","XWeapons.AssaultRiflePickup"
"573.85358463636","75928.0","0.0","7","XWeapons.AssaultRiflePickup"
"573.85358463636","75928.0","0.0","7","XWeapons.AssaultRiflePickup"
"573.85358463636","75928.0","0.0","7","XWeapons.AssaultRiflePickup"
"573.85358463636","75928.0","0.0","7","XWeapons.AssaultRiflePickup"
"573.85358463636","75928.0","0.0","7","XWeapons.AssaultRiflePickup"
"573.85358463636","75928.0","0.0","7","XWeapons.AssaultRiflePickup"
"573.85358463636","75928.0","0.0","7","XWeapons.AssaultRiflePickup"
"573.85358463636","75928.0","0.0","7","XWeapons.AssaultRiflePickup"
"2038.008118850364","55885.0","-139.65","7","XWeapons.AssaultRiflePickup"
"573.85358463636","75928.0","0.0","7","XWeapons.AssaultRiflePickup"
"573.85358463636","75928.0","0.0","7","XWeapons.AssaultRiflePickup"
"573.85358463636","75928.0","0.0","7","XWeapons.AssaultRiflePickup"
"552.9338700061699","94138.0","-42.41","7","XWeapons.AssaultRiflePickup"
"573.85358463636","75928.0","0.0","7","XWeapons.AssaultRiflePickup"
"573.85358463636","75928.0","0.0","7","XWeapons.AssaultRiflePickup"
"606.1356766434393","101681.0","0.0","7","XWeapons.AssaultRiflePickup"
"606.1356766434393","47924.0","0.0","7","XWeapons.AssaultRiflePickup"
"543.4149991489007","81444.0","469.52","3","XWeapons.AssaultRiflePickup"
"543.4149991489007","80643.0","469.52","3","XWeapons.AssaultRiflePickup"
"573.85358463636","75928.0","0.0","7","XWeapons.AssaultRiflePickup"
"446.4653166820464","79565.0","0.0","7","XWeapons.AssaultRiflePickup"
"427.4390765945479","79086.0","0.0","7","XWeapons.AssaultRiflePickup"
"393.0287575992371","75586.0","0.0","7","XWeapons.AssaultRiflePickup"
"573.85358463636","75928.0","0.0","7","XWeapons.AssaultRiflePickup"
"367.46521821799655","71749.0","469.52","3","XWeapons.AssaultRiflePickup"
"573.85358463636","75928.0","0.0","7","XWeapons.AssaultRiflePickup"
"2459.017130643868","61951.0","151.18","7","XWeapons.AssaultRiflePickup"
"367.46521821799655","71749.0","469.52","3","XWeapons.AssaultRiflePickup"
"573.85358463636","75928.0","0.0","7","XWeapons.AssaultRiflePickup"
"359.1665254446745","70379.0","0.0","7","XWeapons.AssaultRiflePickup"
"359.1665254446745","70379.0","0.0","7","XWeapons.AssaultRiflePickup"
"359.1665254446745","70379.0","0.0","7","XWeapons.AssaultRiflePickup"
"517.3980794320752","44357.0","39.56","7","XWeapons.AssaultRiflePickup"
"501.1805787338532","44371.0","39.56","7","XWeapons.AssaultRiflePickup"
"359.1665254446745","70379.0","0.0","3","XWeapons.AssaultRiflePickup"
"489.4492990085898","43119.0","21.43","7","XWeapons.AssaultRiflePickup"
"359.1665254446745","70379.0","0.0","3","XWeapons.AssaultRiflePickup"
"359.1665254446745","70379.0","0.0","7","XWeapons.AssaultRiflePickup"
"359.1665254446745","70379.0","0.0","7","XWeapons.AssaultRiflePickup"
"393.80942523002176","40182.0","0.0","7","XWeapons.AssaultRiflePickup"
"393.80942523002176","40182.0","0.0","7","XWeapons.AssaultRiflePickup"
"393.80942523002176","40182.0","0.0","7","XWeapons.AssaultRiflePickup"
"359.1665254446745","70379.0","0.0","3","XWeapons.AssaultRiflePickup"
"393.80942523002176","40182.0","0.0","7","XWeapons.AssaultRiflePickup"
"393.80942523002176","40182.0","0.0","7","XWeapons.AssaultRiflePickup"
"359.1665254446745","70379.0","0.0","6","XWeapons.AssaultRiflePickup"
"359.1665254446745","70379.0","0.0","7","XWeapons.AssaultRiflePickup"
"393.80942523002176","40182.0","0.0","7","XWeapons.AssaultRiflePickup"
"393.80942523002176","40182.0","0.0","7","XWeapons.AssaultRiflePickup"
"393.80942523002176","40182.0","0.0","7","XWeapons.AssaultRiflePickup"
"393.80942523002176","40182.0","0.0","7","XWeapons.AssaultRiflePickup"
"393.80942523002176","40182.0","0.0","7","XWeapons.AssaultRiflePickup"
"393.80942523002176","40182.0","0.0","7","XWeapons.AssaultRiflePickup"
"393.80942523002176","40182.0","0.0","7","XWeapons.AssaultRiflePickup"
"393.80942523002176","40182.0","0.0","7","XWeapons.AssaultRiflePickup"
"393.80942523002176","40182.0","0.0","7","XWeapons.AssaultRiflePickup"
"393.80942523002176","40182.0","0.0","7","XWeapons.AssaultRiflePickup"
"393.80942523002176","40182.0","0.0","7","XWeapons.AssaultRiflePickup"
"393.80942523002176","40182.0","0.0","7","XWeapons.AssaultRiflePickup"
"447.0077874042019","21764.0","0.0","7","XWeapons.AssaultRiflePickup"
"393.80942523002176","40182.0","0.0","7","XWeapons.AssaultRiflePickup"
"393.80942523002176","40182.0","0.0","7","XWeapons.AssaultRiflePickup"
"447.0077874042019","21811.0","0.0","7","XWeapons.AssaultRiflePickup"
"441.24448245842143","69521.0","0.0","7","XWeapons.AssaultRiflePickup"
"438.06885577497997","69521.0","0.0","7","XWeapons.AssaultRiflePickup"
"429.09672429418544","69521.0","0.0","7","XWeapons.AssaultRiflePickup"
"429.09672429418544","69521.0","0.0","7","XWeapons.AssaultRiflePickup"
"429.09672429418544","69521.0","0.0","7","XWeapons.AssaultRiflePickup"
"427.8835688595674","69521.0","0.0","7","XWeapons.AssaultRiflePickup"
"427.8835688595674","69521.0","0.0","7","XWeapons.AssaultRiflePickup"
"427.8835688595674","69521.0","0.0","7","XWeapons.AssaultRiflePickup"
"427.8835688595674","69521.0","0.0","7","XWeapons.AssaultRiflePickup"
"881.877900618901","99505.0","101.09","7","XWeapons.AssaultRiflePickup"
"956.6026053696487","104870.0","39.56","7","XWeapons.AssaultRiflePickup"
"989.4594327207154","98259.0","22.43","7","XWeapons.AssaultRiflePickup"
"904.882973925358","55132.0","0.0","7","XWeapons.AssaultRiflePickup"
"615.5248403598345","92656.0","0.0","7","XWeapons.AssaultRiflePickup"
"592.4220598526018","94378.0","0.0","7","XWeapons.AssaultRiflePickup"
"608.4706314194631","92566.0","147.7","7","XWeapons.AssaultRiflePickup"
"1032.4174158255953","62505.0","-35.03","7","XWeapons.AssaultRiflePickup"
"3813.511081667392","97537.0","439.87","7","XWeapons.AssaultRiflePickup"
"774.3494483112905","68353.0","-13.53","7","XWeapons.AssaultRiflePickup"
"610.0111986676967","97333.0","48.11","7","XWeapons.AssaultRiflePickup"
"616.6077334902637","33114.0","39.27","7","XWeapons.AssaultRiflePickup"
"594.4453727635536","64654.0","-42.14","7","XWeapons.AssaultRiflePickup"
"356.88833491723994","61596.0","0.0","7","XWeapons.AssaultRiflePickup"
"645.9938177722755","33195.0","39.04","7","XWeapons.AssaultRiflePickup"
"332.79431966306163","61426.0","0.0","7","XWeapons.AssaultRiflePickup"
"332.79431966306163","61123.0","0.0","7","XWeapons.AssaultRiflePickup"
"689.2777461952476","40564.0","0.0","7","XWeapons.AssaultRiflePickup"
"332.79431966306163","61123.0","0.0","7","XWeapons.AssaultRiflePickup"
"332.79431966306163","61123.0","0.0","7","XWeapons.AssaultRiflePickup"
"689.2777461952476","41036.0","0.0","7","XWeapons.AssaultRiflePickup"
"332.79431966306163","61123.0","0.0","7","XWeapons.AssaultRiflePickup"
"689.2777461952476","41036.0","0.0","7","XWeapons.AssaultRiflePickup"
"332.79431966306163","61123.0","0.0","7","XWeapons.AssaultRiflePickup"
"332.79431966306163","61123.0","0.0","7","XWeapons.AssaultRiflePickup"
"689.2777461952476","41036.0","0.0","7","XWeapons.AssaultRiflePickup"
"689.2777461952476","41036.0","0.0","7","XWeapons.AssaultRiflePickup"
"332.79431966306163","61123.0","0.0","7","XWeapons.AssaultRiflePickup"
"332.79431966306163","61123.0","0.0","7","XWeapons.AssaultRiflePickup"
"1402.6251033686801","58055.0","0.0","7","XWeapons.AssaultRiflePickup"
"689.2777461952476","41036.0","0.0","7","XWeapons.AssaultRiflePickup"
"332.79431966306163","61123.0","0.0","7","XWeapons.AssaultRiflePickup"
"1354.6708938336276","63277.0","0.0","7","XWeapons.AssaultRiflePickup"
"332.79431966306163","61123.0","0.0","7","XWeapons.AssaultRiflePickup"
"332.79431966306163","61123.0","0.0","7","XWeapons.AssaultRiflePickup"
"332.79431966306163","61123.0","0.0","7","XWeapons.AssaultRiflePickup"
"332.79431966306163","61123.0","0.0","7","XWeapons.AssaultRiflePickup"
"1120.3119499942861","63817.0","0.0","7","XWeapons.AssaultRiflePickup"
"332.79431966306163","61123.0","0.0","7","XWeapons.AssaultRiflePickup"
"349.55293976735487","79999.0","0.0","7","XWeapons.AssaultRiflePickup"
"349.55293976735487","91109.0","0.0","7","XWeapons.AssaultRiflePickup"
"1753.5881325157286","69711.0","111.86","7","XWeapons.AssaultRiflePickup"
"349.55293976735487","92216.0","0.0","7","XWeapons.AssaultRiflePickup"
"1709.6093397323264","69405.0","111.86","7","XWeapons.AssaultRiflePickup"
"349.55293976735487","94094.0","0.0","7","XWeapons.AssaultRiflePickup"
"349.55293976735487","94094.0","0.0","7","XWeapons.AssaultRiflePickup"
"349.55293976735487","94094.0","0.0","7","XWeapons.AssaultRiflePickup"
"1287.8806581356832","66722.0","83.89","7","XWeapons.AssaultRiflePickup"
"349.55293976735487","94094.0","0.0","7","XWeapons.AssaultRiflePickup"
"349.55293976735487","94094.0","0.0","7","XWeapons.AssaultRiflePickup"
"349.55293976735487","94094.0","0.0","7","XWeapons.AssaultRiflePickup"
"349.55293976735487","94094.0","0.0","7","XWeapons.AssaultRiflePickup"
"781.8306794312947","65620.0","3.26","7","XWeapons.AssaultRiflePickup"
"349.55293976735487","94094.0","0.0","7","XWeapons.AssaultRiflePickup"
"728.984791405143","65434.0","3.26","7","XWeapons.AssaultRiflePickup"
"302.5988078297731","65168.0","4.08","7","XWeapons.AssaultRiflePickup"
"302.5988078297731","65146.0","4.08","7","XWeapons.AssaultRiflePickup"
"249.748287081213","65174.0","-6.08","7","XWeapons.AssaultRiflePickup"
"249.748287081213","65175.0","-6.08","7","XWeapons.AssaultRiflePickup"
"409.5604480415559","104310.0","-439.77","7","XWeapons.AssaultRiflePickup"
"409.5604480415559","104310.0","-439.77","7","XWeapons.AssaultRiflePickup"
"409.5604480415559","97738.0","0.0","7","XWeapons.AssaultRiflePickup"
"409.5604480415559","97738.0","0.0","7","XWeapons.AssaultRiflePickup"
"409.5604480415559","97738.0","0.0","7","XWeapons.AssaultRiflePickup"
"409.5604480415559","97738.0","0.0","7","XWeapons.AssaultRiflePickup"
"409.5604480415559","97738.0","0.0","7","XWeapons.AssaultRiflePickup"
"409.5604480415559","97738.0","0.0","7","XWeapons.AssaultRiflePickup"
"409.5604480415559","97738.0","0.0","7","XWeapons.AssaultRiflePickup"
"409.5604480415559","97713.0","0.0","7","XWeapons.AssaultRiflePickup"
"322.07934705597006","97629.0","0.0","7","XWeapons.AssaultRiflePickup"
"322.07934705597006","97629.0","0.0","7","XWeapons.AssaultRiflePickup"
"322.07934705597006","97569.0","0.0","7","XWeapons.AssaultRiflePickup"
"322.07934705597006","97569.0","0.0","7","XWeapons.AssaultRiflePickup"
"322.07934705597006","97569.0","0.0","7","XWeapons.AssaultRiflePickup"
"322.07934705597006","97569.0","0.0","7","XWeapons.AssaultRiflePickup"
"315.6256001974491","97569.0","0.0","7","XWeapons.AssaultRiflePickup"
"283.905821532423","97569.0","0.0","7","XWeapons.AssaultRiflePickup"
"565.8679565941156","104154.0","-436.44","7","XWeapons.AssaultRiflePickup"
"434.7141480329343","99415.0","12.26","7","XWeapons.AssaultRiflePickup"
"434.7141480329343","94513.0","12.26","7","XWeapons.AssaultRiflePickup"
"403.86370275131185","33387.0","0.0","7","XWeapons.AssaultRiflePickup"
"341.22193203251186","38723.0","0.0","7","XWeapons.AssaultRiflePickup"
"341.22193203251186","38723.0","0.0","7","XWeapons.AssaultRiflePickup"
"341.22193203251186","39101.0","0.0","7","XWeapons.AssaultRiflePickup"
"341.22193203251186","39101.0","0.0","7","XWeapons.AssaultRiflePickup"
"341.22193203251186","39101.0","0.0","7","XWeapons.AssaultRiflePickup"
"341.22193203251186","39101.0","0.0","7","XWeapons.AssaultRiflePickup"
"341.22193203251186","39101.0","0.0","7","XWeapons.AssaultRiflePickup"
"341.22193203251186","39101.0","0.0","7","XWeapons.AssaultRiflePickup"
"341.22193203251186","39101.0","0.0","7","XWeapons.AssaultRiflePickup"
"341.22193203251186","39101.0","0.0","7","XWeapons.AssaultRiflePickup"
"341.22193203251186","39283.0","0.0","7","XWeapons.AssaultRiflePickup"
"243.75407976072938","40846.0","0.0","7","XWeapons.AssaultRiflePickup"
"218.09271239543975","41528.0","0.0","7","XWeapons.AssaultRiflePickup"
"1729.045507816379","37745.0","-439.21","7","XWeapons.AssaultRiflePickup"
"1479.8662130071084","33492.0","-438.33","7","XWeapons.AssaultRiflePickup"
"1017.7591442969208","54739.0","-439.79","7","XWeapons.AssaultRiflePickup"
"922.92794854203","43237.0","-439.78","7","XWeapons.AssaultRiflePickup"
"993.2540188189527","53630.0","-439.79","7","XWeapons.AssaultRiflePickup"
"657.007376214301","39097.0","-439.77","7","XWeapons.AssaultRiflePickup"
"483.60352397392643","43510.0","-373.84","7","XWeapons.AssaultRiflePickup"
"501.0103189556081","43687.0","-373.84","7","XWeapons.AssaultRiflePickup"
"753.8911447284682","63598.0","0.0","7","XWeapons.AssaultRiflePickup"
"2352.5200807857095","71310.0","-437.13","7","XWeapons.AssaultRiflePickup"
"509.21396249513816","41780.0","316.85","7","XWeapons.AssaultRiflePickup"
"503.64927340362556","44559.0","-437.13","7","XWeapons.AssaultRiflePickup"
"491.2164223639109","42496.0","316.85","7","XWeapons.AssaultRiflePickup"
"460.92411045637436","45118.0","-437.13","7","XWeapons.AssaultRiflePickup"
"340.8017485283782","46436.0","346.39","7","XWeapons.AssaultRiflePickup"
"206.54255590555664","43908.0","346.39","7","XWeapons.AssaultRiflePickup"
"153.16758436431644","43907.0","0.0","7","XWeapons.AssaultRiflePickup"
"206.54255590555664","43262.0","346.39","7","XWeapons.AssaultRiflePickup"
"94.30953398251953","42207.0","0.0","7","XWeapons.AssaultRiflePickup"
"73.10162446895418","35846.0","46.96","7","XWeapons.AssaultRiflePickup"
"1977.4599213637682","57887.0","0.0","7","XWeapons.AssaultRiflePickup"
"1588.8020741741245","34808.0","-439.59","7","XWeapons.AssaultRiflePickup"
"1527.9875537123985","36426.0","0.0","7","XWeapons.AssaultRiflePickup"
"1560.0404403091607","65055.0","-438.24","3","XWeapons.AssaultRiflePickup"
"1560.0404403091607","65102.0","-438.24","3","XWeapons.AssaultRiflePickup"
"1802.4183881108181","97026.0","0.0","3","XWeapons.AssaultRiflePickup"
"1961.717489777771","90402.0","0.0","7","XWeapons.AssaultRiflePickup"
"614.2191546996886","43791.0","0.0","7","XWeapons.AssaultRiflePickup"
"614.2191546996886","43817.0","0.0","7","XWeapons.AssaultRiflePickup"
"665.0602518569277","103609.0","-439.62","3","XWeapons.AssaultRiflePickup"
"451.66107802200537","65031.0","-31.99","7","XWeapons.AssaultRiflePickup"
"451.66107802200537","65031.0","-31.99","7","XWeapons.AssaultRiflePickup"
"423.7560265058186","71461.0","0.0","7","XWeapons.AssaultRiflePickup"
"402.873054695893","43317.0","-351.78","3","XWeapons.AssaultRiflePickup"
"423.7560265058186","68161.0","0.0","7","XWeapons.AssaultRiflePickup"
"409.58586657744894","44018.0","-351.78","3","XWeapons.AssaultRiflePickup"
"2683.450924015567","72746.0","-343.93","3","XWeapons.AssaultRiflePickup"
"423.7560265058186","65131.0","0.0","7","XWeapons.AssaultRiflePickup"
"423.7560265058186","65131.0","0.0","7","XWeapons.AssaultRiflePickup"
"209.30715348501576","105648.0","-343.55","3","XWeapons.AssaultRiflePickup"
"423.7560265058186","65131.0","0.0","7","XWeapons.AssaultRiflePickup"
"209.30715348501576","103154.0","-343.55","3","XWeapons.AssaultRiflePickup"
"423.7560265058186","65131.0","0.0","7","XWeapons.AssaultRiflePickup"
"221.388233427163","73663.0","0.0","7","XWeapons.AssaultRiflePickup"
"423.7560265058186","65131.0","0.0","7","XWeapons.AssaultRiflePickup"
"244.02916178194766","70363.0","0.0","7","XWeapons.AssaultRiflePickup"
"221.388233427163","68392.0","-374.39","3","XWeapons.AssaultRiflePickup"
"290.4396882314812","61930.0","0.0","7","XWeapons.AssaultRiflePickup"
"423.7560265058186","65131.0","0.0","7","XWeapons.AssaultRiflePickup"
"423.7560265058186","65131.0","0.0","7","XWeapons.AssaultRiflePickup"
"438.1833612769888","55987.0","0.0","7","XWeapons.AssaultRiflePickup"
"423.7560265058186","65131.0","0.0","7","XWeapons.AssaultRiflePickup"
"458.8707925985267","55738.0","0.0","7","XWeapons.AssaultRiflePickup"
"438.1833612769888","54899.0","-368.88","3","XWeapons.AssaultRiflePickup"
"501.7824033383395","54023.0","0.0","7","XWeapons.AssaultRiflePickup"
"423.7560265058186","65131.0","0.0","7","XWeapons.AssaultRiflePickup"
"438.1833612769888","54518.0","-368.88","3","XWeapons.AssaultRiflePickup"
"423.7560265058186","65131.0","0.0","7","XWeapons.AssaultRiflePickup"
"423.7560265058186","65131.0","0.0","7","XWeapons.AssaultRiflePickup"
"531.1084771494427","52243.0","0.0","7","XWeapons.AssaultRiflePickup"
"531.1084771494427","52243.0","0.0","3","XWeapons.AssaultRiflePickup"
"531.1084771494427","52243.0","0.0","7","XWeapons.AssaultRiflePickup"
"423.7560265058186","65131.0","0.0","7","XWeapons.AssaultRiflePickup"
"423.7560265058186","65131.0","0.0","7","XWeapons.AssaultRiflePickup"
"423.7560265058186","65131.0","0.0","7","XWeapons.AssaultRiflePickup"
"531.1084771494427","52243.0","0.0","7","XWeapons.AssaultRiflePickup"
"423.7560265058186","65131.0","0.0","7","XWeapons.AssaultRiflePickup"
"531.1084771494427","52243.0","0.0","7","XWeapons.AssaultRiflePickup"
"423.7560265058186","65131.0","0.0","7","XWeapons.AssaultRiflePickup"
"531.1084771494427","52243.0","0.0","3","XWeapons.AssaultRiflePickup"
"423.7560265058186","65131.0","0.0","7","XWeapons.AssaultRiflePickup"
"423.7560265058186","65131.0","0.0","7","XWeapons.AssaultRiflePickup"
"531.1084771494427","52243.0","0.0","7","XWeapons.AssaultRiflePickup"
"531.1084771494427","52243.0","0.0","7","XWeapons.AssaultRiflePickup"
"531.1084771494427","52243.0","0.0","6","XWeapons.AssaultRiflePickup"
"531.1084771494427","52243.0","0.0","7","XWeapons.AssaultRiflePickup"
"423.7560265058186","65131.0","0.0","7","XWeapons.AssaultRiflePickup"
"423.7560265058186","65131.0","0.0","7","XWeapons.AssaultRiflePickup"
"531.1084771494427","52243.0","0.0","7","XWeapons.AssaultRiflePickup"
"531.1084771494427","52243.0","0.0","7","XWeapons.AssaultRiflePickup"
"531.1084771494427","52243.0","0.0","7","XWeapons.AssaultRiflePickup"
"423.7560265058186","65131.0","0.0","7","XWeapons.AssaultRiflePickup"
"641.1506210712113","36070.0","12.22","7","XWeapons.AssaultRiflePickup"
"514.6070047133055","48362.0","12.21","7","XWeapons.AssaultRiflePickup"
"467.611786314246","48478.0","0.0","7","XWeapons.AssaultRiflePickup"
"688.4377555741696","69795.0","-9.93","7","XWeapons.AssaultRiflePickup"
"467.611786314246","58510.0","0.0","7","XWeapons.AssaultRiflePickup"
"467.611786314246","58510.0","0.0","7","XWeapons.AssaultRiflePickup"
"467.611786314246","54769.0","0.0","7","XWeapons.AssaultRiflePickup"
"446.0640988692096","65999.0","-51.48","7","XWeapons.AssaultRiflePickup"
"446.0640988692096","66412.0","-51.48","7","XWeapons.AssaultRiflePickup"
"467.611786314246","54769.0","0.0","7","XWeapons.AssaultRiflePickup"
"467.611786314246","54769.0","0.0","7","XWeapons.AssaultRiflePickup"
"467.611786314246","54769.0","0.0","7","XWeapons.AssaultRiflePickup"
"467.611786314246","54769.0","0.0","7","XWeapons.AssaultRiflePickup"
"338.60740142530847","66208.0","0.0","7","XWeapons.AssaultRiflePickup"
"467.611786314246","54769.0","0.0","7","XWeapons.AssaultRiflePickup"
"353.8188349989299","66208.0","0.0","7","XWeapons.AssaultRiflePickup"
"467.611786314246","54769.0","0.0","7","XWeapons.AssaultRiflePickup"
"467.611786314246","54769.0","0.0","7","XWeapons.AssaultRiflePickup"
"467.611786314246","54769.0","0.0","7","XWeapons.AssaultRiflePickup"
"467.611786314246","54769.0","0.0","7","XWeapons.AssaultRiflePickup"
"359.3347193077785","67972.0","234.57","7","XWeapons.AssaultRiflePickup"
"359.3347193077785","68094.0","234.57","7","XWeapons.AssaultRiflePickup"
"459.7029042762292","67794.0","28.66","7","XWeapons.AssaultRiflePickup"
"459.7029042762292","67527.0","28.66","7","XWeapons.AssaultRiflePickup"
"797.7741252384662","96197.0","437.76","7","XWeapons.AssaultRiflePickup"
"748.9009075304957","95675.0","0.0","7","XWeapons.AssaultRiflePickup"
"797.7741252384662","96189.0","437.76","7","XWeapons.AssaultRiflePickup"
"748.9009075304957","95675.0","0.0","7","XWeapons.AssaultRiflePickup"
"748.9009075304957","95667.0","0.0","7","XWeapons.AssaultRiflePickup"
"748.9009075304957","95667.0","0.0","7","XWeapons.AssaultRiflePickup"
"748.9009075304957","95667.0","0.0","7","XWeapons.AssaultRiflePickup"
"747.3693839059772","95826.0","96.93","7","XWeapons.AssaultRiflePickup"
"779.3911803452744","95826.0","0.0","7","XWeapons.AssaultRiflePickup"
"715.6557147819054","96173.0","96.93","7","XWeapons.AssaultRiflePickup"
"560.452468992688","97129.0","437.77","7","XWeapons.AssaultRiflePickup"
"543.4658120802079","97170.0","-439.25","7","XWeapons.AssaultRiflePickup"
"526.7999169513981","97173.0","-439.25","7","XWeapons.AssaultRiflePickup"
"224.55694578435995","97269.0","358.38","7","XWeapons.AssaultRiflePickup"
"176.38922047562878","97412.0","-439.37","7","XWeapons.AssaultRiflePickup"
"177.97522243278695","97046.0","358.38","7","XWeapons.AssaultRiflePickup"
"260.41417280939214","79108.0","0.0","7","XWeapons.AssaultRiflePickup"
"198.33327859943213","72508.0","477.16","7","XWeapons.AssaultRiflePickup"
"300.3850507265632","83776.0","0.0","7","XWeapons.AssaultRiflePickup"
"404.825453004131","93214.0","-2.63","0","XWeapons.AssaultRiflePickup"
"372.4347788539624","96733.0","0.0","7","XWeapons.AssaultRiflePickup"
"372.4347788539624","96733.0","0.0","7","XWeapons.AssaultRiflePickup"
"372.4347788539624","96733.0","0.0","7","XWeapons.AssaultRiflePickup"
"372.4347788539624","96733.0","0.0","7","XWeapons.AssaultRiflePickup"
"372.4347788539624","96733.0","0.0","7","XWeapons.AssaultRiflePickup"
"372.4347788539624","96733.0","0.0","7","XWeapons.AssaultRiflePickup"
"372.4347788539624","96733.0","0.0","7","XWeapons.AssaultRiflePickup"
"871.6122824972122","17286.0","436.33","7","XWeapons.AssaultRiflePickup"
"275.7662724119832","27012.0","167.87","7","XWeapons.AssaultRiflePickup"
"871.6122824972122","13130.0","436.33","7","XWeapons.AssaultRiflePickup"
"232.9535932326438","25878.0","167.87","7","XWeapons.AssaultRiflePickup"
"1004.8528503716352","69998.0","438.42","7","XWeapons.AssaultRiflePickup"
"241.06529343727595","10549.0","412.56","7","XWeapons.AssaultRiflePickup"
"229.57131048979093","9064.0","412.56","7","XWeapons.AssaultRiflePickup"
"549.8200154596046","80635.0","0.0","7","XWeapons.AssaultRiflePickup"
"543.6997549199375","28791.0","0.0","7","XWeapons.AssaultRiflePickup"
"442.6665364583142","37944.0","412.57","7","XWeapons.AssaultRiflePickup"
"527.7462898022117","87595.0","0.0","7","XWeapons.AssaultRiflePickup"
"442.6665364583142","37944.0","412.57","7","XWeapons.AssaultRiflePickup"
"4058.889255720092","59843.0","0.0","7","XWeapons.AssaultRiflePickup"
"511.7929860793329","87180.0","178.36","7","XWeapons.AssaultRiflePickup"
"487.1260949692596","87044.0","178.36","7","XWeapons.AssaultRiflePickup"
"348.6953848275023","85783.0","-436.12","7","XWeapons.AssaultRiflePickup"
"512.1605660337391","45067.0","0.0","7","XWeapons.AssaultRiflePickup"
"308.18888542580515","87711.0","-436.12","7","XWeapons.AssaultRiflePickup"
"520.6990115220116","45676.0","0.0","7","XWeapons.AssaultRiflePickup"
"262.43104789639517","87001.0","360.99","7","XWeapons.AssaultRiflePickup"
"262.43104789639517","87196.0","360.99","7","XWeapons.AssaultRiflePickup"
"100.61880788401339","86214.0","0.0","1","XWeapons.AssaultRiflePickup"
"100.61880788401339","86214.0","0.0","7","XWeapons.AssaultRiflePickup"
"337.84746854164825","42023.0","0.0","7","XWeapons.AssaultRiflePickup"
"558.4673996752183","66330.0","21.4","7","XWeapons.AssaultRiflePickup"
"435.7652462048804","63154.0","0.0","7","XWeapons.AssaultRiflePickup"
"345.726047904985","41604.0","0.0","7","XWeapons.AssaultRiflePickup"
"3630.7327435932266","64959.0","0.0","7","XWeapons.AssaultRiflePickup"
"132.60928097233617","50923.0","435.77","7","XWeapons.AssaultRiflePickup"
"272.89214517827367","58522.0","336.22","70","XWeapons.AssaultRiflePickup"
"204.81677983016922","76562.0","0.0","7","XWeapons.AssaultRiflePickup"
"266.7207875288314","61935.0","-50.2","7","XWeapons.AssaultRiflePickup"
"182.81047590332454","36001.0","0.0","7","XWeapons.AssaultRiflePickup"
"195.99953188719604","76471.0","0.0","7","XWeapons.AssaultRiflePickup"
"266.72390237847077","62535.0","-50.2","7","XWeapons.AssaultRiflePickup"
"148.9614382986416","99976.0","0.0","7","XWeapons.AssaultRiflePickup"
"194.74809703819955","81790.0","0.07","7","XWeapons.AssaultRiflePickup"
"3386.858472168567","90586.0","0.0","7","XWeapons.AssaultRiflePickup"
"194.74809703819955","81790.0","0.07","7","XWeapons.AssaultRiflePickup"
"194.9436021007101","81726.0","0.0","7","XWeapons.AssaultRiflePickup"
"146.75012333896007","55568.0","0.0","7","XWeapons.AssaultRiflePickup"
"148.9614382986416","101750.0","0.0","7","XWeapons.AssaultRiflePickup"
"146.75012333896007","55568.0","0.0","7","XWeapons.AssaultRiflePickup"
"148.9614382986416","101750.0","0.0","7","XWeapons.AssaultRiflePickup"
"146.75012333896007","55568.0","0.0","7","XWeapons.AssaultRiflePickup"
"146.75012333896007","55568.0","0.0","7","XWeapons.AssaultRiflePickup"
"148.9614382986416","95147.0","0.0","7","XWeapons.AssaultRiflePickup"
"2815.0297758105507","50470.0","0.0","7","XWeapons.AssaultRiflePickup"
"1338.6238005130492","124915.0","435.17","7","XWeapons.AssaultRiflePickup"
"1564.8427149397476","121134.0","0.0","7","XWeapons.AssaultRiflePickup"
"482.82806401451035","110194.0","-206.75","7","XWeapons.AssaultRiflePickup"
"644.916653917388","73671.0","-271.19","1","XWeapons.AssaultRiflePickup"
"1520.408436506454","107219.0","0.0","7","XWeapons.AssaultRiflePickup"
"1338.5932499456285","89969.0","440.0","7","XWeapons.AssaultRiflePickup"
"979.6357857898005","90034.0","-403.92","7","XWeapons.AssaultRiflePickup"
"246.72078408597835","59521.0","0.0","7","XWeapons.AssaultRiflePickup"
"246.72078408597835","63565.0","0.0","7","XWeapons.AssaultRiflePickup"
"278.7602785548901","63568.0","0.0","7","XWeapons.AssaultRiflePickup"
"484.86355874616925","90504.0","-402.51","7","XWeapons.AssaultRiflePickup"
"1599.2421024347748","55237.0","-82.0","7","XWeapons.AssaultRiflePickup"
"1572.5694415827875","58236.0","-82.0","7","XWeapons.AssaultRiflePickup"
"1668.2389085499713","65683.0","-438.28","7","XWeapons.AssaultRiflePickup"
"1940.6110296759628","69562.0","-439.77","7","XWeapons.AssaultRiflePickup"
"1889.2149271588978","39642.0","0.0","7","XWeapons.AssaultRiflePickup"
"1840.9931920569395","39028.0","0.0","7","XWeapons.AssaultRiflePickup"
"1450.9257321103653","33412.0","-439.84","7","XWeapons.AssaultRiflePickup"
"729.5819934044425","34943.0","0.0","7","XWeapons.AssaultRiflePickup"
"1328.7670394015647","33605.0","-439.85","7","XWeapons.AssaultRiflePickup"
"1158.4302627262462","33885.0","0.0","7","XWeapons.AssaultRiflePickup"
"1109.1612168210715","34080.0","0.0","7","XWeapons.AssaultRiflePickup"
"962.9952050763285","34213.0","-439.21","7","XWeapons.AssaultRiflePickup"
"913.6357703155016","34025.0","0.0","7","XWeapons.AssaultRiflePickup"
"1768.8116942173351","99263.0","-14.59","7","XWeapons.AssaultRiflePickup"
"965.023482926711","114884.0","-85.99","7","XWeapons.AssaultRiflePickup"
"965.023482926711","109487.0","-85.99","7","XWeapons.AssaultRiflePickup"
"931.5369573452252","107090.0","41.1","7","XWeapons.AssaultRiflePickup"
"931.5369573452252","107103.0","41.1","7","XWeapons.AssaultRiflePickup"
"663.9647082488646","73134.0","0.0","7","XWeapons.AssaultRiflePickup"
"609.9934383253642","67451.0","0.0","7","XWeapons.AssaultRiflePickup"
"420.2505483637114","69757.0","0.0","7","XWeapons.AssaultRiflePickup"
"420.2505483637114","69757.0","0.0","7","XWeapons.AssaultRiflePickup"
"426.34392748108894","70142.0","0.0","7","XWeapons.AssaultRiflePickup"
"456.4333611821117","69989.0","0.0","7","XWeapons.AssaultRiflePickup"
"435.9425665153613","69800.0","-26.99","7","XWeapons.AssaultRiflePickup"
"424.3555363135965","69843.0","-26.99","7","XWeapons.AssaultRiflePickup"
"453.8366087040577","71624.0","-26.47","7","XWeapons.AssaultRiflePickup"
"345.3059983550821","72099.0","-45.12","7","XWeapons.AssaultRiflePickup"
"296.01644092854025","72140.0","-45.12","7","XWeapons.AssaultRiflePickup"
"152.1991123495796","72671.0","0.0","7","XWeapons.AssaultRiflePickup"
"522.5253296252729","111661.0","0.0","7","XWeapons.AssaultRiflePickup"
"148.80215220217747","73245.0","0.0","7","XWeapons.AssaultRiflePickup"
"149.29643364796078","74715.0","-138.25","7","XWeapons.AssaultRiflePickup"
"208.66928523383612","50920.0","0.0","7","XWeapons.AssaultRiflePickup"
"244.42286390597744","57586.0","0.0","7","XWeapons.AssaultRiflePickup"
"225.3746414306633","67780.0","-138.25","7","XWeapons.AssaultRiflePickup"
"225.3746414306633","67827.0","-138.25","7","XWeapons.AssaultRiflePickup"
"292.45316975543284","71274.0","0.0","7","XWeapons.AssaultRiflePickup"
"292.45316975543284","71274.0","0.0","7","XWeapons.AssaultRiflePickup"
"292.45316975543284","71274.0","0.0","7","XWeapons.AssaultRiflePickup"
"292.45316975543284","71274.0","0.0","7","XWeapons.AssaultRiflePickup"
"292.45316975543284","71274.0","0.0","7","XWeapons.AssaultRiflePickup"
"292.45316975543284","71274.0","0.0","7","XWeapons.AssaultRiflePickup"
"4126.745569549932","29281.0","0.0","7","XWeapons.AssaultRiflePickup"
"757.0285916661273","94150.0","90.54","7","XWeapons.AssaultRiflePickup"
"1669.2211067740548","68617.0","-364.81","7","XWeapons.AssaultRiflePickup"
"960.0338486740975","63252.0","212.81","7","XWeapons.AssaultRiflePickup"
"804.8303216206508","64650.0","85.01","7","XWeapons.AssaultRiflePickup"
"1849.6703881502779","66245.0","0.0","7","XWeapons.AssaultRiflePickup"
"1157.2555811487798","69582.0","0.0","7","XWeapons.AssaultRiflePickup"
"1118.0396240742095","69321.0","0.0","7","XWeapons.AssaultRiflePickup"
"1118.0396240742095","69359.0","-56.22","7","XWeapons.AssaultRiflePickup"
"912.8423965833314","69821.0","0.0","7","XWeapons.AssaultRiflePickup"
"610.2214590621998","69843.0","0.0","7","XWeapons.AssaultRiflePickup"
"610.2214590621998","70055.0","-63.09","7","XWeapons.AssaultRiflePickup"
"567.4023166149397","36325.0","473.29","7","XWeapons.AssaultRiflePickup"
"552.1031709744115","36637.0","473.29","7","XWeapons.AssaultRiflePickup"
"610.2214590621998","70151.0","-63.09","7","XWeapons.AssaultRiflePickup"
"439.0582096943411","71223.0","0.0","7","XWeapons.AssaultRiflePickup"
"439.0582096943411","71223.0","0.0","7","XWeapons.AssaultRiflePickup"
"439.0582096943411","71365.0","0.0","7","XWeapons.AssaultRiflePickup"
"4039.2286353708673","117397.0","0.0","7","XWeapons.AssaultRiflePickup"
"233.32186952791216","35769.0","439.96","7","XWeapons.AssaultRiflePickup"
"233.32186952791216","36126.0","439.96","7","XWeapons.AssaultRiflePickup"
"439.0582096943411","71365.0","0.0","7","XWeapons.AssaultRiflePickup"
"439.0582096943411","71365.0","0.0","7","XWeapons.AssaultRiflePickup"
"439.0582096943411","71365.0","0.0","7","XWeapons.AssaultRiflePickup"
"439.0582096943411","71365.0","0.0","7","XWeapons.AssaultRiflePickup"
"54.92514542538787","118880.0","439.85","7","XWeapons.AssaultRiflePickup"
"54.92514542538787","122246.0","439.85","7","XWeapons.AssaultRiflePickup"
"439.0582096943411","71365.0","0.0","7","XWeapons.AssaultRiflePickup"
"149.9228614988387","126708.0","439.96","7","XWeapons.AssaultRiflePickup"
"439.0582096943411","71365.0","0.0","7","XWeapons.AssaultRiflePickup"
"439.0582096943411","71365.0","0.0","7","XWeapons.AssaultRiflePickup"
"439.0582096943411","71365.0","0.0","7","XWeapons.AssaultRiflePickup"
"269.0356008040572","128879.0","439.48","7","XWeapons.AssaultRiflePickup"
"269.0356008040572","128992.0","439.48","7","XWeapons.AssaultRiflePickup"
"3501.3713630661914","117456.0","0.0","7","XWeapons.AssaultRiflePickup"
"439.0582096943411","71365.0","0.0","7","XWeapons.AssaultRiflePickup"
"439.0582096943411","71365.0","0.0","7","XWeapons.AssaultRiflePickup"
"512.167022464352","66889.0","0.0","7","XWeapons.AssaultRiflePickup"
"546.8196508904923","67027.0","235.52","7","XWeapons.AssaultRiflePickup"
"770.8171971356113","68016.0","0.0","7","XWeapons.AssaultRiflePickup"
"770.8171971356113","85053.0","0.0","7","XWeapons.AssaultRiflePickup"
"685.2914519385164","97105.0","0.0","7","XWeapons.AssaultRiflePickup"
"685.2914519385164","113913.0","0.0","7","XWeapons.AssaultRiflePickup"
"667.3936692837294","129221.0","0.0","3","XWeapons.AssaultRiflePickup"
"641.354899724014","82162.0","8.22","7","XWeapons.AssaultRiflePickup"
"641.354899724014","82452.0","8.22","7","XWeapons.AssaultRiflePickup"
"535.8232642392452","83423.0","0.0","7","XWeapons.AssaultRiflePickup"
"535.8232642392452","83423.0","0.0","7","XWeapons.AssaultRiflePickup"
"3577.7129754914663","90734.0","0.0","7","XWeapons.AssaultRiflePickup"
"623.4009205158426","66861.0","360.56","3","XWeapons.AssaultRiflePickup"
"535.8232642392452","83482.0","0.0","7","XWeapons.AssaultRiflePickup"
"623.4009205158426","66782.0","360.56","3","XWeapons.AssaultRiflePickup"
"535.8232642392452","83482.0","0.0","7","XWeapons.AssaultRiflePickup"
"1183.7042744283726","47257.0","0.0","7","XWeapons.AssaultRiflePickup"
"1183.7042744283726","47257.0","0.0","7","XWeapons.AssaultRiflePickup"
"535.8232642392452","83482.0","0.0","7","XWeapons.AssaultRiflePickup"
"1183.7042744283726","46795.0","0.0","7","XWeapons.AssaultRiflePickup"
"869.2059329065812","66409.0","439.6","3","XWeapons.AssaultRiflePickup"
"869.2059329065812","66329.0","439.6","3","XWeapons.AssaultRiflePickup"
"1185.5786548770182","38953.0","40.71","7","XWeapons.AssaultRiflePickup"
"1182.9219051568873","39224.0","0.0","7","XWeapons.AssaultRiflePickup"
"1096.2161807782259","264.0","439.5","3","XWeapons.AssaultRiflePickup"
"1111.8030108791754","43209.0","352.15","7","XWeapons.AssaultRiflePickup"
"858.7835818179109","27446.0","-194.15","3","XWeapons.AssaultRiflePickup"
"883.1193092668736","46004.0","472.72","7","XWeapons.AssaultRiflePickup"
"883.1193092668736","46316.0","472.72","7","XWeapons.AssaultRiflePickup"
"787.8898383022845","44630.0","0.0","7","XWeapons.AssaultRiflePickup"
"463.52527838295924","36230.0","439.95","7","XWeapons.AssaultRiflePickup"
"489.61975215466947","39505.0","-470.35","3","XWeapons.AssaultRiflePickup"
"489.61975215466947","39611.0","-470.35","3","XWeapons.AssaultRiflePickup"
"718.9354185182422","43307.0","0.0","7","XWeapons.AssaultRiflePickup"
"274.0538279243695","33765.0","0.0","7","XWeapons.AssaultRiflePickup"
"274.05124429566075","33882.0","0.0","7","XWeapons.AssaultRiflePickup"
"274.05124429566075","34185.0","0.0","7","XWeapons.AssaultRiflePickup"
"274.05124429566075","34185.0","0.0","3","XWeapons.AssaultRiflePickup"
"718.9354185182422","43307.0","0.0","7","XWeapons.AssaultRiflePickup"
"274.05124429566075","34185.0","0.0","7","XWeapons.AssaultRiflePickup"
"274.05124429566075","34185.0","0.0","7","XWeapons.AssaultRiflePickup"
"274.05124429566075","34185.0","0.0","7","XWeapons.AssaultRiflePickup"
"274.05124429566075","34185.0","0.0","3","XWeapons.AssaultRiflePickup"
"274.05124429566075","34185.0","0.0","3","XWeapons.AssaultRiflePickup"
"718.9354185182422","43307.0","0.0","7","XWeapons.AssaultRiflePickup"
"718.9354185182422","43307.0","0.0","7","XWeapons.AssaultRiflePickup"
"718.9354185182422","43307.0","0.0","7","XWeapons.AssaultRiflePickup"
"274.05124429566075","34185.0","0.0","7","XWeapons.AssaultRiflePickup"
"274.05124429566075","34185.0","0.0","7","XWeapons.AssaultRiflePickup"
"878.5065582566815","74008.0","-430.36","7","XWeapons.AssaultRiflePickup"
"718.9354185182422","43307.0","0.0","7","XWeapons.AssaultRiflePickup"
"274.05124429566075","34185.0","0.0","7","XWeapons.AssaultRiflePickup"
"830.9956436708919","75979.0","-430.36","7","XWeapons.AssaultRiflePickup"
"274.05124429566075","34185.0","0.0","3","XWeapons.AssaultRiflePickup"
"718.9354185182422","43307.0","0.0","7","XWeapons.AssaultRiflePickup"
"274.05124429566075","34185.0","0.0","3","XWeapons.AssaultRiflePickup"
"718.9354185182422","43307.0","0.0","7","XWeapons.AssaultRiflePickup"
"718.9354185182422","43307.0","0.0","7","XWeapons.AssaultRiflePickup"
"274.05124429566075","34185.0","0.0","7","XWeapons.AssaultRiflePickup"
"274.05124429566075","34185.0","0.0","7","XWeapons.AssaultRiflePickup"
"871.2697120869059","79366.0","-438.38","7","XWeapons.AssaultRiflePickup"
"718.9354185182422","43307.0","0.0","7","XWeapons.AssaultRiflePickup"
"274.05124429566075","34185.0","0.0","7","XWeapons.AssaultRiflePickup"
"267.6068864958449","34185.0","0.0","6","XWeapons.AssaultRiflePickup"
"235.88326689275772","34185.0","0.0","7","XWeapons.AssaultRiflePickup"
"718.9354185182422","43307.0","0.0","7","XWeapons.AssaultRiflePickup"
"827.7570023261658","99017.0","-287.14","7","XWeapons.AssaultRiflePickup"
"718.9354185182422","43307.0","0.0","7","XWeapons.AssaultRiflePickup"
"725.1856464382068","43307.0","0.0","7","XWeapons.AssaultRiflePickup"
"99.97017555251166","34185.0","438.99","7","XWeapons.AssaultRiflePickup"
"827.7570023261658","40213.0","-287.14","7","XWeapons.AssaultRiflePickup"
"99.97017555251166","34185.0","438.99","7","XWeapons.AssaultRiflePickup"
"717.6093391254047","101644.0","0.0","7","XWeapons.AssaultRiflePickup"
"331.8032129139198","62935.0","0.0","7","XWeapons.AssaultRiflePickup"
"299.5775575706565","63277.0","0.0","7","XWeapons.AssaultRiflePickup"
"838.213737718489","44271.0","0.0","7","XWeapons.AssaultRiflePickup"
"539.0235421574832","37871.0","-289.32","7","XWeapons.AssaultRiflePickup"
"825.0595683949128","44248.0","0.0","7","XWeapons.AssaultRiflePickup"
"844.3561535276449","47792.0","-112.36","7","XWeapons.AssaultRiflePickup"
"511.25340057548766","38195.0","-289.32","7","XWeapons.AssaultRiflePickup"
"828.3080130603591","44401.0","-112.36","7","XWeapons.AssaultRiflePickup"
"275.4649367886956","65896.0","416.67","7","XWeapons.AssaultRiflePickup"
"361.52902262474026","36843.0","191.87","7","XWeapons.AssaultRiflePickup"
"226.70810175201078","66760.0","416.67","7","XWeapons.AssaultRiflePickup"
"680.3609540530673","45388.0","0.0","7","XWeapons.AssaultRiflePickup"
"126.21378886635163","37611.0","0.0","7","XWeapons.AssaultRiflePickup"
"126.21378886635163","37611.0","0.0","7","XWeapons.AssaultRiflePickup"
"126.21378886635163","37647.0","0.0","7","XWeapons.AssaultRiflePickup"
"184.04952404176444","3616.0","0.0","7","XWeapons.AssaultRiflePickup"
"126.21378886635163","37647.0","0.0","7","XWeapons.AssaultRiflePickup"
"171.11692201532853","5014.0","0.0","7","XWeapons.AssaultRiflePickup"
"126.21378886635163","37647.0","0.0","7","XWeapons.AssaultRiflePickup"
"126.21378886635163","37647.0","0.0","7","XWeapons.AssaultRiflePickup"
"126.21378886635163","37647.0","0.0","7","XWeapons.AssaultRiflePickup"
"207.22985185537343","23865.0","0.0","7","XWeapons.AssaultRiflePickup"
"207.36971066189975","62129.0","0.0","7","XWeapons.AssaultRiflePickup"
"232.67545250842429","62207.0","0.0","7","XWeapons.AssaultRiflePickup"
"497.6736679793295","86044.0","0.0","7","XWeapons.AssaultRiflePickup"
"544.0058750601873","82991.0","343.01","7","XWeapons.AssaultRiflePickup"
"474.0023596987675","88303.0","0.0","7","XWeapons.AssaultRiflePickup"
"536.9090721900682","83598.0","343.01","7","XWeapons.AssaultRiflePickup"
"417.4333443796744","90610.0","96.21","7","XWeapons.AssaultRiflePickup"
"300.73052488897764","84566.0","0.0","7","XWeapons.AssaultRiflePickup"
"300.73052488897764","84566.0","0.0","7","XWeapons.AssaultRiflePickup"
"300.73052488897764","84566.0","0.0","7","XWeapons.AssaultRiflePickup"
"300.73052488897764","84566.0","0.0","7","XWeapons.AssaultRiflePickup"
"300.73052488897764","84566.0","0.0","7","XWeapons.AssaultRiflePickup"
"457.42322874991817","95617.0","-421.42","7","XWeapons.AssaultRiflePickup"
"359.33465251767734","96770.0","-434.23","7","XWeapons.AssaultRiflePickup"
"481.9280923540356","95703.0","-421.42","7","XWeapons.AssaultRiflePickup"
"309.998087897329","94882.0","-434.23","7","XWeapons.AssaultRiflePickup"
"393.3785765646117","95198.0","-439.69","7","XWeapons.AssaultRiflePickup"
"300.73052488897764","84566.0","0.0","7","XWeapons.AssaultRiflePickup"
"300.73052488897764","84566.0","0.0","7","XWeapons.AssaultRiflePickup"
"575.88280448369","64818.0","0.0","7","XWeapons.AssaultRiflePickup"
"300.73052488897764","84566.0","0.0","7","XWeapons.AssaultRiflePickup"
"534.7279848670723","58152.0","0.0","7","XWeapons.AssaultRiflePickup"
"300.73052488897764","84566.0","0.0","7","XWeapons.AssaultRiflePickup"
"183.3699590990847","97550.0","-439.71","7","XWeapons.AssaultRiflePickup"
"183.3695978072701","97549.0","439.71","7","XWeapons.AssaultRiflePickup"
"183.3699590990847","97550.0","-439.71","7","XWeapons.AssaultRiflePickup"
"183.3695978072701","97549.0","439.71","7","XWeapons.AssaultRiflePickup"
"158.68355869465486","97550.0","0.0","7","XWeapons.AssaultRiflePickup"
"300.73052488897764","84566.0","0.0","7","XWeapons.AssaultRiflePickup"
"294.3865844429736","84566.0","0.0","7","XWeapons.AssaultRiflePickup"
"288.12579353469897","84566.0","90.87","7","XWeapons.AssaultRiflePickup"
"385.8712719288649","33834.0","0.0","7","XWeapons.AssaultRiflePickup"
"404.58159041162514","35803.0","-254.81","7","XWeapons.AssaultRiflePickup"
"158.68355869465486","97550.0","0.0","7","XWeapons.AssaultRiflePickup"
"158.68355869465486","97550.0","0.0","7","XWeapons.AssaultRiflePickup"
"158.68355869465486","97550.0","0.0","7","XWeapons.AssaultRiflePickup"
"158.68355869465486","97550.0","0.0","7","XWeapons.AssaultRiflePickup"
"657.8596219559306","90965.0","436.69","1","XWeapons.AssaultRiflePickup"
"158.68355869465486","97550.0","0.0","7","XWeapons.AssaultRiflePickup"
"657.8596219559306","92788.0","436.69","1","XWeapons.AssaultRiflePickup"
"564.8373668588155","94443.0","0.0","6","XWeapons.AssaultRiflePickup"
"238.61003960437202","34650.0","-283.82","7","XWeapons.AssaultRiflePickup"
"216.71775607919164","35150.0","473.49","7","XWeapons.AssaultRiflePickup"
"196.91963360721556","35197.0","-283.82","7","XWeapons.AssaultRiflePickup"
"158.68355869465486","97550.0","0.0","7","XWeapons.AssaultRiflePickup"
"158.68355869465486","97550.0","0.0","7","XWeapons.AssaultRiflePickup"
"158.68355869465486","97550.0","0.0","7","XWeapons.AssaultRiflePickup"
"158.68355869465486","97550.0","0.0","7","XWeapons.AssaultRiflePickup"
"158.68355869465486","97550.0","0.0","7","XWeapons.AssaultRiflePickup"
"1229.0041258270862","63078.0","38.95","7","XWeapons.AssaultRiflePickup"
"655.2499136207497","69894.0","0.0","7","XWeapons.AssaultRiflePickup"
"389.41005456972994","65547.0","8.77","7","XWeapons.AssaultRiflePickup"
"340.0400567580237","65610.0","8.77","7","XWeapons.AssaultRiflePickup"
"218.08314423632095","65654.0","2.8","7","XWeapons.AssaultRiflePickup"
"2027.2971788566174","114987.0","185.34","7","XWeapons.AssaultRiflePickup"
"75.68107359175086","62307.0","7.0","7","XWeapons.AssaultRiflePickup"
"75.68107359175086","62343.0","7.0","7","XWeapons.AssaultRiflePickup"
"147.51505346912901","65709.0","0.0","7","XWeapons.AssaultRiflePickup"
"1671.2285839166348","72068.0","77.86","7","XWeapons.AssaultRiflePickup"
"147.51505346912901","65709.0","0.0","7","XWeapons.AssaultRiflePickup"
"147.51505346912901","65709.0","0.0","7","XWeapons.AssaultRiflePickup"
"1439.3271937262912","72077.0","225.99","7","XWeapons.AssaultRiflePickup"
"971.1212537062506","72658.0","79.14","7","XWeapons.AssaultRiflePickup"
"976.8634597015082","72194.0","79.14","7","XWeapons.AssaultRiflePickup"
"926.041789877757","66174.0","-425.16","7","XWeapons.AssaultRiflePickup"
"971.9458887715921","67133.0","311.54","7","XWeapons.AssaultRiflePickup"
"932.9886454828912","10713.0","429.53","7","XWeapons.AssaultRiflePickup"
"2614.943009665794","34970.0","-191.43","7","XWeapons.AssaultRiflePickup"
"55.4280506602929","63725.0","0.0","7","XWeapons.AssaultRiflePickup"
"55.4280506602929","67572.0","0.0","7","XWeapons.AssaultRiflePickup"
"523.2968002004217","66460.0","0.0","7","XWeapons.AssaultRiflePickup"
"1932.3066704330347","36799.0","439.85","7","XWeapons.AssaultRiflePickup"
"115.89996764451664","123802.0","388.64","7","XWeapons.AssaultRiflePickup"
"542.0526959623021","72272.0","0.0","7","XWeapons.AssaultRiflePickup"
"115.89996764451664","121998.0","388.64","7","XWeapons.AssaultRiflePickup"
"542.0526959623021","72272.0","0.0","7","XWeapons.AssaultRiflePickup"
"285.5973060097031","88604.0","-97.79","7","XWeapons.AssaultRiflePickup"
"285.5973060097031","88604.0","-97.79","7","XWeapons.AssaultRiflePickup"
"1180.0728115247805","39285.0","-439.85","7","XWeapons.AssaultRiflePickup"
"307.4403320971405","52803.0","0.0","7","XWeapons.AssaultRiflePickup"
"775.5596205321677","36428.0","-439.86","7","XWeapons.AssaultRiflePickup"
"307.4403320971405","52803.0","0.0","7","XWeapons.AssaultRiflePickup"
"504.35557823821085","96351.0","357.4","7","XWeapons.AssaultRiflePickup"
"3480.851028714099","34008.0","-434.99","7","XWeapons.AssaultRiflePickup"
"3259.061387777162","33096.0","439.84","7","XWeapons.AssaultRiflePickup"
"2856.2339249438237","33023.0","-435.53","7","XWeapons.AssaultRiflePickup"
"2785.737044823147","35432.0","439.97","7","XWeapons.AssaultRiflePickup"
"1851.970585322564","92847.0","24.55","7","XWeapons.AssaultRiflePickup"
"2413.768698218618","33968.0","-418.36","7","XWeapons.AssaultRiflePickup"
"1130.760372183249","96524.0","406.53","7","XWeapons.AssaultRiflePickup"
"1109.7318087267752","96098.0","406.53","7","XWeapons.AssaultRiflePickup"
"689.6132974355991","96673.0","406.53","7","XWeapons.AssaultRiflePickup"
"1566.489909000374","55664.0","290.55","7","XWeapons.AssaultRiflePickup"
"643.2344658054325","97311.0","406.53","7","XWeapons.AssaultRiflePickup"
"382.4229768201696","96151.0","-439.66","7","XWeapons.AssaultRiflePickup"
"335.8650551933023","96424.0","-439.66","7","XWeapons.AssaultRiflePickup"
"237.37374286133667","97330.0","406.53","7","XWeapons.AssaultRiflePickup"
"237.37374286133667","97525.0","406.53","7","XWeapons.AssaultRiflePickup"
"270.3016561177529","90445.0","163.4","7","XWeapons.AssaultRiflePickup"
"277.3070655428743","92755.0","163.4","7","XWeapons.AssaultRiflePickup"
"205.1204719183339","32813.0","0.0","7","XWeapons.AssaultRiflePickup"
"205.1204719183339","32813.0","0.0","7","XWeapons.AssaultRiflePickup"
"205.1204719183339","32813.0","0.0","7","XWeapons.AssaultRiflePickup"
"1005.9598513360263","51123.0","439.95","7","XWeapons.AssaultRiflePickup"
"205.1204719183339","32813.0","0.0","7","XWeapons.AssaultRiflePickup"
"285.8198528793967","49838.0","0.0","7","XWeapons.AssaultRiflePickup"
"285.8198528793967","49838.0","0.0","7","XWeapons.AssaultRiflePickup"
"205.1204719183339","32813.0","0.0","7","XWeapons.AssaultRiflePickup"
"205.1204719183339","32813.0","0.0","7","XWeapons.AssaultRiflePickup"
"205.1204719183339","32813.0","0.0","7","XWeapons.AssaultRiflePickup"
"205.1204719183339","32813.0","0.0","7","XWeapons.AssaultRiflePickup"
"781.3774425333764","49588.0","439.43","7","XWeapons.AssaultRiflePickup"
"205.1204719183339","32813.0","0.0","7","XWeapons.AssaultRiflePickup"
"205.1204719183339","32813.0","0.0","7","XWeapons.AssaultRiflePickup"
"205.1204719183339","32813.0","0.0","7","XWeapons.AssaultRiflePickup"
"205.1204719183339","32813.0","0.0","7","XWeapons.AssaultRiflePickup"
"205.1204719183339","32813.0","0.0","7","XWeapons.AssaultRiflePickup"
"205.1204719183339","32813.0","0.0","7","XWeapons.AssaultRiflePickup"
"205.1204719183339","32813.0","0.0","7","XWeapons.AssaultRiflePickup"
"205.1204719183339","32813.0","0.0","7","XWeapons.AssaultRiflePickup"
"205.1204719183339","32813.0","0.0","7","XWeapons.AssaultRiflePickup"
"205.1204719183339","32813.0","0.0","7","XWeapons.AssaultRiflePickup"
"205.1204719183339","32813.0","0.0","7","XWeapons.AssaultRiflePickup"
"1116.4820952885898","68685.0","-172.69","7","XWeapons.AssaultRiflePickup"
"2153.811557402365","92412.0","0.0","7","XWeapons.AssaultRiflePickup"
"758.2630924685706","75652.0","264.95","7","XWeapons.AssaultRiflePickup"
"779.1206758262805","49652.0","-397.52","7","XWeapons.AssaultRiflePickup"
"730.0638494679764","49480.0","-397.52","7","XWeapons.AssaultRiflePickup"
"779.4114852245893","56692.0","-397.72","7","XWeapons.AssaultRiflePickup"
"1290.504263146775","89483.0","-397.72","7","XWeapons.AssaultRiflePickup"
"782.1197891627598","55637.0","-397.72","7","XWeapons.AssaultRiflePickup"
"735.9871502954383","59021.0","-397.72","7","XWeapons.AssaultRiflePickup"
"617.7611416235244","92838.0","-64.02","7","XWeapons.AssaultRiflePickup"
"569.2469132107789","93953.0","-64.02","7","XWeapons.AssaultRiflePickup"
"1403.4668671543336","105848.0","247.9","7","XWeapons.AssaultRiflePickup"
"1350.0516468268906","105990.0","247.9","7","XWeapons.AssaultRiflePickup"
"1065.7656540722262","56854.0","0.0","7","XWeapons.AssaultRiflePickup"
"1011.3705021405361","56728.0","0.0","7","XWeapons.AssaultRiflePickup"
"1011.3705021405361","70416.0","88.72","7","XWeapons.AssaultRiflePickup"
"1504.7012813512188","93713.0","0.0","7","XWeapons.AssaultRiflePickup"
"794.708123338374","67633.0","0.0","7","XWeapons.AssaultRiflePickup"
"739.7569613731257","67648.0","0.0","7","XWeapons.AssaultRiflePickup"
"739.7569613731257","67716.0","32.7","7","XWeapons.AssaultRiflePickup"
"551.4820492998842","67821.0","0.0","7","XWeapons.AssaultRiflePickup"
"1144.8492517794646","98951.0","75.51","7","XWeapons.AssaultRiflePickup"
"1192.2407785762068","46157.0","-258.2","7","XWeapons.AssaultRiflePickup"
"1382.541169513588","77462.0","0.0","7","XWeapons.AssaultRiflePickup"
"551.4820492998842","67823.0","0.0","7","XWeapons.AssaultRiflePickup"
"1192.2407785762068","45996.0","-258.2","7","XWeapons.AssaultRiflePickup"
"1333.7088117351552","77113.0","0.0","7","XWeapons.AssaultRiflePickup"
"551.4820492998842","67823.0","0.0","7","XWeapons.AssaultRiflePickup"
"551.4820492998842","67823.0","0.0","7","XWeapons.AssaultRiflePickup"
"994.6760707888776","40692.0","8.06","7","XWeapons.AssaultRiflePickup"
"1140.2343666983554","77223.0","0.0","7","XWeapons.AssaultRiflePickup"
"551.4820492998842","67823.0","0.0","7","XWeapons.AssaultRiflePickup"
"949.7284002281915","37924.0","-291.67","7","XWeapons.AssaultRiflePickup"
"1092.1338074155565","76798.0","0.0","7","XWeapons.AssaultRiflePickup"
"551.4820492998842","67823.0","0.0","7","XWeapons.AssaultRiflePickup"
"759.1233138298415","35706.0","273.06","7","XWeapons.AssaultRiflePickup"
"551.4820492998842","67823.0","0.0","7","XWeapons.AssaultRiflePickup"
"710.4220619462772","35401.0","273.06","7","XWeapons.AssaultRiflePickup"
"551.4820492998842","67823.0","0.0","7","XWeapons.AssaultRiflePickup"
"588.5739352027067","35773.0","-429.16","7","XWeapons.AssaultRiflePickup"
"551.4820492998842","67823.0","0.0","7","XWeapons.AssaultRiflePickup"
"538.1231549561865","35824.0","-429.16","7","XWeapons.AssaultRiflePickup"
"852.9307503543297","76317.0","0.0","7","XWeapons.AssaultRiflePickup"
"551.4820492998842","67823.0","0.0","7","XWeapons.AssaultRiflePickup"
"436.5252789930955","36412.0","469.4","7","XWeapons.AssaultRiflePickup"
"551.4820492998842","67823.0","0.0","7","XWeapons.AssaultRiflePickup"
"436.5252789930955","36556.0","469.4","7","XWeapons.AssaultRiflePickup"
"551.4820492998842","67823.0","0.0","7","XWeapons.AssaultRiflePickup"
"267.24760073759325","37003.0","0.0","7","XWeapons.AssaultRiflePickup"
"662.2205810000168","76292.0","0.0","7","XWeapons.AssaultRiflePickup"
"217.34425297209964","37280.0","0.0","7","XWeapons.AssaultRiflePickup"
"614.8585075446221","73091.0","0.0","7","XWeapons.AssaultRiflePickup"
"551.4820492998842","67823.0","0.0","7","XWeapons.AssaultRiflePickup"
"217.34425297209964","38095.0","0.0","7","XWeapons.AssaultRiflePickup"
"551.4820492998842","67823.0","0.0","7","XWeapons.AssaultRiflePickup"
"217.34425297209964","38095.0","0.0","7","XWeapons.AssaultRiflePickup"
"551.4820492998842","67823.0","0.0","7","XWeapons.AssaultRiflePickup"
"217.34425297209964","38095.0","0.0","7","XWeapons.AssaultRiflePickup"
"217.34425297209964","38095.0","0.0","7","XWeapons.AssaultRiflePickup"
"566.7680918153384","76374.0","0.0","7","XWeapons.AssaultRiflePickup"
"217.34425297209964","38095.0","0.0","7","XWeapons.AssaultRiflePickup"
"217.34425297209964","38095.0","0.0","7","XWeapons.AssaultRiflePickup"
"217.34425297209964","38095.0","0.0","7","XWeapons.AssaultRiflePickup"
"217.34425297209964","38095.0","0.0","7","XWeapons.AssaultRiflePickup"
"60.28708816985604","108880.0","-136.3","7","XWeapons.AssaultRiflePickup"
"60.28708816985604","102280.0","-136.3","7","XWeapons.AssaultRiflePickup"
"217.34425297209964","38095.0","0.0","7","XWeapons.AssaultRiflePickup"
"496.48647554591037","67762.0","0.0","7","XWeapons.AssaultRiflePickup"
"217.34425297209964","38095.0","0.0","7","XWeapons.AssaultRiflePickup"
"492.8849826277931","3332.0","0.0","7","XWeapons.AssaultRiflePickup"
"217.34425297209964","38095.0","0.0","7","XWeapons.AssaultRiflePickup"
"217.34425297209964","38095.0","0.0","7","XWeapons.AssaultRiflePickup"
"183.65935233469594","82357.0","0.0","7","XWeapons.AssaultRiflePickup"
"217.34425297209964","38095.0","0.0","7","XWeapons.AssaultRiflePickup"
"183.65935233469594","82357.0","0.0","7","XWeapons.AssaultRiflePickup"
"709.8291984696036","36626.0","0.0","7","XWeapons.AssaultRiflePickup"
"709.8291984696036","36891.0","0.0","7","XWeapons.AssaultRiflePickup"
"183.65935233469594","64850.0","0.0","7","XWeapons.AssaultRiflePickup"
"183.65935233469594","64850.0","0.0","7","XWeapons.AssaultRiflePickup"
"183.65935233469594","64850.0","0.0","7","XWeapons.AssaultRiflePickup"
"183.65935233469594","64850.0","0.0","7","XWeapons.AssaultRiflePickup"
"3008.012761359233","74478.0","12.23","7","XWeapons.AssaultRiflePickup"
"660.0076445769397","34974.0","232.65","7","XWeapons.AssaultRiflePickup"
"668.2142220126717","35052.0","-323.87","7","XWeapons.AssaultRiflePickup"
"183.65935233469594","64850.0","0.0","7","XWeapons.AssaultRiflePickup"
"183.65935233469594","64850.0","0.0","7","XWeapons.AssaultRiflePickup"
"379.3869941102357","35303.0","470.92","7","XWeapons.AssaultRiflePickup"
"324.21699909165784","35303.0","0.0","7","XWeapons.AssaultRiflePickup"
"183.65935233469594","64850.0","0.0","7","XWeapons.AssaultRiflePickup"
"183.65935233469594","64850.0","0.0","7","XWeapons.AssaultRiflePickup"
"183.65935233469594","64850.0","0.0","7","XWeapons.AssaultRiflePickup"
"183.65935233469594","64850.0","0.0","7","XWeapons.AssaultRiflePickup"
"332.57623547090674","102699.0","24.0","7","XWeapons.AssaultRiflePickup"
"239.77896863569998","40356.0","36.22","7","XWeapons.AssaultRiflePickup"
"281.5464512296328","43763.0","-354.01","7","XWeapons.AssaultRiflePickup"
"283.3144313302801","37097.0","-354.01","7","XWeapons.AssaultRiflePickup"
"116.28873419209617","43742.0","0.0","7","XWeapons.AssaultRiflePickup"
"99.67609994376787","45939.0","0.0","7","XWeapons.AssaultRiflePickup"
"99.67609994376787","53646.0","-473.65","7","XWeapons.AssaultRiflePickup"
"83.31093265592453","63876.0","0.0","7","XWeapons.AssaultRiflePickup"
"99.67609994376787","60378.0","-473.65","7","XWeapons.AssaultRiflePickup"
"124.8357384726025","88374.0","0.0","7","XWeapons.AssaultRiflePickup"
"124.8357384726025","88374.0","0.0","7","XWeapons.AssaultRiflePickup"
"124.8357384726025","88374.0","0.0","7","XWeapons.AssaultRiflePickup"
"124.8357384726025","88374.0","0.0","7","XWeapons.AssaultRiflePickup"
"124.8357384726025","88374.0","0.0","7","XWeapons.AssaultRiflePickup"
"124.8357384726025","88374.0","0.0","7","XWeapons.AssaultRiflePickup"
"124.8357384726025","88374.0","0.0","7","XWeapons.AssaultRiflePickup"
"124.8357384726025","88374.0","0.0","7","XWeapons.AssaultRiflePickup"
"124.8357384726025","88374.0","0.0","7","XWeapons.AssaultRiflePickup"
"124.8357384726025","88374.0","0.0","7","XWeapons.AssaultRiflePickup"
"124.8357384726025","88374.0","0.0","7","XWeapons.AssaultRiflePickup"
"1320.1536413993636","101622.0","-9.52","7","XWeapons.AssaultRiflePickup"
"124.8357384726025","88374.0","0.0","7","XWeapons.AssaultRiflePickup"
"124.8357384726025","88374.0","0.0","7","XWeapons.AssaultRiflePickup"
"124.8357384726025","88374.0","0.0","7","XWeapons.AssaultRiflePickup"
"1370.2972277210515","103469.0","175.57","7","XWeapons.AssaultRiflePickup"
"648.2268537325496","114937.0","-325.42","7","XWeapons.AssaultRiflePickup"
"648.2268537325496","115744.0","-325.42","7","XWeapons.AssaultRiflePickup"
"907.9825947671025","113872.0","-8.85","7","XWeapons.AssaultRiflePickup"
"1444.9532611818279","71718.0","0.0","7","XWeapons.AssaultRiflePickup"
"895.3401716107684","50073.0","-8.85","7","XWeapons.AssaultRiflePickup"
"712.2557890252632","60113.0","-325.39","7","XWeapons.AssaultRiflePickup"
"1485.724699061034","49986.0","-6.59","7","XWeapons.AssaultRiflePickup"
"692.2390489563559","59974.0","-325.39","7","XWeapons.AssaultRiflePickup"
"687.4696346021402","32103.0","-5.18","7","XWeapons.AssaultRiflePickup"
"657.9905726528307","32126.0","-5.18","7","XWeapons.AssaultRiflePickup"
"1547.234408291129","61111.0","3.26","7","XWeapons.AssaultRiflePickup"
"1486.4454902551927","51269.0","-6.59","7","XWeapons.AssaultRiflePickup"
"673.5659374552725","33028.0","439.32","7","XWeapons.AssaultRiflePickup"
"763.2407366617689","73398.0","149.17","7","XWeapons.AssaultRiflePickup"
"1548.2660274642728","69906.0","0.0","7","XWeapons.AssaultRiflePickup"
"673.4353253282753","33922.0","439.32","7","XWeapons.AssaultRiflePickup"
"517.2409568083331","34705.0","439.29","7","XWeapons.AssaultRiflePickup"
"591.3851071848187","66262.0","0.0","7","XWeapons.AssaultRiflePickup"
"561.3602216936999","64802.0","0.0","7","XWeapons.AssaultRiflePickup"
"1520.1410646384106","70107.0","87.85","7","XWeapons.AssaultRiflePickup"
"442.7371139852633","61398.0","0.0","7","XWeapons.AssaultRiflePickup"
"1439.6534892466311","71393.0","0.0","7","XWeapons.AssaultRiflePickup"
"454.2912635083356","61321.0","-127.35","7","XWeapons.AssaultRiflePickup"
"823.5317510576018","92419.0","15.33","7","XWeapons.AssaultRiflePickup"
"222.41904639666114","60405.0","60.35","7","XWeapons.AssaultRiflePickup"
"805.9077359723008","39532.0","0.0","7","XWeapons.AssaultRiflePickup"
"157.81810605884237","62822.0","60.35","7","XWeapons.AssaultRiflePickup"
"811.5959597607667","35007.0","0.0","7","XWeapons.AssaultRiflePickup"
"811.25855668831","35871.0","36.78","7","XWeapons.AssaultRiflePickup"
"810.0376546185986","35007.0","36.78","7","XWeapons.AssaultRiflePickup"
"810.7316454289916","35727.0","0.0","7","XWeapons.AssaultRiflePickup"
"962.7867618533193","61425.0","55.2","7","XWeapons.AssaultRiflePickup"
"808.1177994574801","36591.0","0.0","7","XWeapons.AssaultRiflePickup"
"939.3404041666686","67309.0","22.69","7","XWeapons.AssaultRiflePickup"
"221.37053778676145","71188.0","104.39","7","XWeapons.AssaultRiflePickup"
"917.3530195622623","64698.0","55.2","7","XWeapons.AssaultRiflePickup"
"808.1177994574801","36591.0","0.0","7","XWeapons.AssaultRiflePickup"
"801.5611847513577","36598.0","0.0","7","XWeapons.AssaultRiflePickup"
"330.8259380701579","57466.0","0.0","7","XWeapons.AssaultRiflePickup"
"375.3590314618791","57422.0","0.0","7","XWeapons.AssaultRiflePickup"
"358.44917659272136","26152.0","0.0","7","XWeapons.AssaultRiflePickup"
"358.44917659272136","27949.0","0.0","7","XWeapons.AssaultRiflePickup"
"424.5878447388714","61304.0","97.14","7","XWeapons.AssaultRiflePickup"
"801.5611847513577","36604.0","0.0","7","XWeapons.AssaultRiflePickup"
"614.0342711933921","72095.0","0.0","7","XWeapons.AssaultRiflePickup"
"801.5611847513577","36604.0","0.0","7","XWeapons.AssaultRiflePickup"
"587.3581075459845","72500.0","0.0","7","XWeapons.AssaultRiflePickup"
"424.587462132362","61292.0","0.0","7","XWeapons.AssaultRiflePickup"
"358.44917659272136","76109.0","0.0","7","XWeapons.AssaultRiflePickup"
"801.5611847513577","36604.0","0.0","7","XWeapons.AssaultRiflePickup"
"424.587462132362","61292.0","0.0","7","XWeapons.AssaultRiflePickup"
"358.44917659272136","76109.0","0.0","7","XWeapons.AssaultRiflePickup"
"358.44917659272136","76109.0","0.0","7","XWeapons.AssaultRiflePickup"
"801.5611847513577","36604.0","0.0","7","XWeapons.AssaultRiflePickup"
"424.587462132362","61292.0","0.0","7","XWeapons.AssaultRiflePickup"
"358.44917659272136","76109.0","0.0","7","XWeapons.AssaultRiflePickup"
"424.587462132362","61292.0","0.0","7","XWeapons.AssaultRiflePickup"
"801.5611847513577","36604.0","0.0","7","XWeapons.AssaultRiflePickup"
"584.281107430319","77141.0","0.0","7","XWeapons.AssaultRiflePickup"
"584.281107430319","76774.0","68.46","7","XWeapons.AssaultRiflePickup"
"801.5611847513577","36604.0","0.0","7","XWeapons.AssaultRiflePickup"
"424.587462132362","61292.0","0.0","7","XWeapons.AssaultRiflePickup"
"358.44917659272136","76109.0","0.0","7","XWeapons.AssaultRiflePickup"
"424.587462132362","61292.0","0.0","7","XWeapons.AssaultRiflePickup"
"358.44917659272136","76109.0","0.0","7","XWeapons.AssaultRiflePickup"
"358.44917659272136","76109.0","0.0","7","XWeapons.AssaultRiflePickup"
"358.44917659272136","76109.0","0.0","7","XWeapons.AssaultRiflePickup"
"424.587462132362","61292.0","0.0","7","XWeapons.AssaultRiflePickup"
"801.5611847513577","36604.0","0.0","7","XWeapons.AssaultRiflePickup"
"584.281107430319","77141.0","0.0","7","XWeapons.AssaultRiflePickup"
"424.587462132362","61292.0","0.0","7","XWeapons.AssaultRiflePickup"
"584.281107430319","77141.0","0.0","7","XWeapons.AssaultRiflePickup"
"358.44917659272136","76109.0","0.0","7","XWeapons.AssaultRiflePickup"
"782.9903591999074","35567.0","0.0","7","XWeapons.AssaultRiflePickup"
"358.44917659272136","76109.0","0.0","7","XWeapons.AssaultRiflePickup"
"358.44917659272136","76109.0","0.0","7","XWeapons.AssaultRiflePickup"
"358.44917659272136","76109.0","0.0","7","XWeapons.AssaultRiflePickup"
"584.281107430319","77141.0","0.0","7","XWeapons.AssaultRiflePickup"
"699.2412617258794","35187.0","0.0","7","XWeapons.AssaultRiflePickup"
"580.2224823289771","73907.0","0.0","7","XWeapons.AssaultRiflePickup"
"559.145637647295","72591.0","0.0","7","XWeapons.AssaultRiflePickup"
"333.41331047215255","76109.0","-109.35","7","XWeapons.AssaultRiflePickup"
"682.0939375921766","34704.0","312.94","7","XWeapons.AssaultRiflePickup"
"301.1928433744733","76109.0","-109.35","7","XWeapons.AssaultRiflePickup"
"240.27476313587326","76109.0","55.77","7","XWeapons.AssaultRiflePickup"
"191.39771576484404","76109.0","55.77","7","XWeapons.AssaultRiflePickup"
"483.13990365110607","79380.0","-55.55","7","XWeapons.AssaultRiflePickup"
"491.69066220541555","34644.0","108.45","7","XWeapons.AssaultRiflePickup"
"475.8748647491273","81117.0","-285.28","7","XWeapons.AssaultRiflePickup"
"539.1323430290563","70460.0","354.16","7","XWeapons.AssaultRiflePickup"
"483.13990365110607","79380.0","-55.55","7","XWeapons.AssaultRiflePickup"
"61.4056683051329","76108.0","0.0","7","XWeapons.AssaultRiflePickup"
"357.1987651154466","58357.0","0.0","7","XWeapons.AssaultRiflePickup"
"61.4056683051329","76108.0","0.0","7","XWeapons.AssaultRiflePickup"
"558.073653561965","35124.0","0.0","7","XWeapons.AssaultRiflePickup"
"333.00404577121884","61657.0","0.0","7","XWeapons.AssaultRiflePickup"
"284.11588498357486","63374.0","0.0","7","XWeapons.AssaultRiflePickup"
"302.6041581009752","63376.0","-46.81","7","XWeapons.AssaultRiflePickup"
"475.26776673786753","90022.0","0.0","7","XWeapons.AssaultRiflePickup"
"558.073653561965","35352.0","0.0","7","XWeapons.AssaultRiflePickup"
"270.63235652818736","63380.0","-46.81","7","XWeapons.AssaultRiflePickup"
"61.4056683051329","82928.0","0.0","7","XWeapons.AssaultRiflePickup"
"61.4056683051329","86228.0","0.0","7","XWeapons.AssaultRiflePickup"
"172.85859105060442","63395.0","45.52","7","XWeapons.AssaultRiflePickup"
"61.4056683051329","86228.0","0.0","7","XWeapons.AssaultRiflePickup"
"172.85859105060442","63395.0","45.52","7","XWeapons.AssaultRiflePickup"
"172.85859105060442","63396.0","0.0","7","XWeapons.AssaultRiflePickup"
"172.85859105060442","63396.0","0.0","7","XWeapons.AssaultRiflePickup"
"61.4056683051329","76108.0","0.0","7","XWeapons.AssaultRiflePickup"
"476.8253115135564","85065.0","0.0","7","XWeapons.AssaultRiflePickup"
"61.4056683051329","76108.0","0.0","7","XWeapons.AssaultRiflePickup"
"61.4056683051329","76108.0","0.0","7","XWeapons.AssaultRiflePickup"
"172.85859105060442","63396.0","0.0","7","XWeapons.AssaultRiflePickup"
"61.4056683051329","76108.0","0.0","7","XWeapons.AssaultRiflePickup"
"172.85859105060442","63396.0","0.0","7","XWeapons.AssaultRiflePickup"
"476.8253115135564","85065.0","0.0","7","XWeapons.AssaultRiflePickup"
"476.8253115135564","85065.0","0.0","7","XWeapons.AssaultRiflePickup"
"61.4056683051329","76108.0","0.0","7","XWeapons.AssaultRiflePickup"
"476.8253115135564","85065.0","0.0","7","XWeapons.AssaultRiflePickup"
"61.4056683051329","76108.0","0.0","7","XWeapons.AssaultRiflePickup"
"497.57559355338157","41907.0","68.86","7","XWeapons.AssaultRiflePickup"
"486.49090238153485","43666.0","68.86","7","XWeapons.AssaultRiflePickup"
"466.9888797391217","30629.0","-55.55","7","XWeapons.AssaultRiflePickup"
"252.1005303445433","42533.0","0.0","7","XWeapons.AssaultRiflePickup"
"252.1005303445433","40882.0","0.0","7","XWeapons.AssaultRiflePickup"
"252.1005303445433","38381.0","0.0","7","XWeapons.AssaultRiflePickup"
"252.1005303445433","38381.0","0.0","7","XWeapons.AssaultRiflePickup"
"252.1005303445433","38381.0","0.0","7","XWeapons.AssaultRiflePickup"
"559.9097396902469","68170.0","0.0","7","XWeapons.AssaultRiflePickup"
"252.1005303445433","38381.0","0.0","7","XWeapons.AssaultRiflePickup"
"252.1005303445433","38381.0","0.0","7","XWeapons.AssaultRiflePickup"
"557.506343910094","3619.0","0.0","7","XWeapons.AssaultRiflePickup"
"1148.5072216142134","57909.0","365.71","7","XWeapons.AssaultRiflePickup"
"325.3673064399679","34168.0","314.71","7","XWeapons.AssaultRiflePickup"
"1339.4390288848538","6922.0","439.98","7","XWeapons.AssaultRiflePickup"
"1117.9275560607673","51177.0","365.71","7","XWeapons.AssaultRiflePickup"
"309.32396706365955","35329.0","-435.92","7","XWeapons.AssaultRiflePickup"
"2925.0141878117443","34176.0","439.98","7","XWeapons.AssaultRiflePickup"
"309.32396706365955","35329.0","-435.92","7","XWeapons.AssaultRiflePickup"
"284.2992659153378","36107.0","0.0","7","XWeapons.AssaultRiflePickup"
"284.2992659153378","36107.0","0.0","7","XWeapons.AssaultRiflePickup"
"284.2992659153378","36107.0","0.0","7","XWeapons.AssaultRiflePickup"
"284.2992659153378","36107.0","0.0","7","XWeapons.AssaultRiflePickup"
"284.2992659153378","36107.0","0.0","7","XWeapons.AssaultRiflePickup"
"284.2992659153378","36107.0","0.0","7","XWeapons.AssaultRiflePickup"
"284.2992659153378","36107.0","0.0","7","XWeapons.AssaultRiflePickup"
"284.2992659153378","36107.0","0.0","7","XWeapons.AssaultRiflePickup"
"1377.8096924103852","101558.0","0.0","7","XWeapons.AssaultRiflePickup"
"1400.616757467938","97742.0","366.86","7","XWeapons.AssaultRiflePickup"
"284.2992659153378","36107.0","0.0","7","XWeapons.AssaultRiflePickup"
"1400.616757467938","92812.0","366.86","7","XWeapons.AssaultRiflePickup"
"284.2992659153378","36107.0","0.0","7","XWeapons.AssaultRiflePickup"
"1310.0965143072476","101745.0","0.0","7","XWeapons.AssaultRiflePickup"
"1287.4852848091118","93711.0","0.0","7","XWeapons.AssaultRiflePickup"
"284.2992659153378","36107.0","0.0","7","XWeapons.AssaultRiflePickup"
"284.2992659153378","36107.0","0.0","7","XWeapons.AssaultRiflePickup"
"284.2992659153378","36107.0","0.0","7","XWeapons.AssaultRiflePickup"
"284.2992659153378","36107.0","0.0","7","XWeapons.AssaultRiflePickup"
"1126.9039541149903","95665.0","53.26","7","XWeapons.AssaultRiflePickup"
"284.2992659153378","36107.0","0.0","7","XWeapons.AssaultRiflePickup"
"990.0399764655971","54613.0","0.0","7","XWeapons.AssaultRiflePickup"
"1130.026374603708","96162.0","367.97","7","XWeapons.AssaultRiflePickup"
"1070.0362863473372","96062.0","53.26","7","XWeapons.AssaultRiflePickup"
"990.2669344171802","51043.0","0.0","7","XWeapons.AssaultRiflePickup"
"1301.908269618102","65203.0","-217.79","7","XWeapons.AssaultRiflePickup"
"2860.124044600164","97722.0","-439.22","7","XWeapons.AssaultRiflePickup"
"776.7684006188717","97205.0","-438.72","7","XWeapons.AssaultRiflePickup"
"746.4592197836396","97201.0","-438.72","7","XWeapons.AssaultRiflePickup"
"990.411966254447","51043.0","0.0","7","XWeapons.AssaultRiflePickup"
"2392.767041188925","88043.0","-439.83","7","XWeapons.AssaultRiflePickup"
"1004.1754466725424","80712.0","110.31","7","XWeapons.AssaultRiflePickup"
"297.8811306544945","97313.0","-438.72","7","XWeapons.AssaultRiflePickup"
"303.41384872810266","97073.0","455.25","7","XWeapons.AssaultRiflePickup"
"271.52167298394426","97248.0","-438.72","7","XWeapons.AssaultRiflePickup"
"260.84849261592444","97352.0","455.25","7","XWeapons.AssaultRiflePickup"
"116.71653953060809","97116.0","-439.47","7","XWeapons.AssaultRiflePickup"
"504.6524044329918","39490.0","66.66","7","XWeapons.AssaultRiflePickup"
"493.63024026086555","40084.0","66.66","7","XWeapons.AssaultRiflePickup"
"50.03417432115779","92714.0","0.0","7","XWeapons.AssaultRiflePickup"
"50.08850267276919","92714.0","0.0","7","XWeapons.AssaultRiflePickup"
"50.03417432115779","92714.0","0.0","7","XWeapons.AssaultRiflePickup"
"50.08850267276919","92714.0","0.0","7","XWeapons.AssaultRiflePickup"
"50.03417432115779","92561.0","0.0","7","XWeapons.AssaultRiflePickup"
"250.8237104023461","45740.0","0.0","7","XWeapons.AssaultRiflePickup"
"250.8237104023461","43427.0","0.0","7","XWeapons.AssaultRiflePickup"
"250.8237104023461","37678.0","0.0","7","XWeapons.AssaultRiflePickup"
"244.38240791840968","37678.0","0.0","7","XWeapons.AssaultRiflePickup"
"50.03417432115779","92561.0","0.0","7","XWeapons.AssaultRiflePickup"
"50.03417432115779","92561.0","0.0","7","XWeapons.AssaultRiflePickup"
"50.03417432115779","92561.0","0.0","7","XWeapons.AssaultRiflePickup"
"212.67807856006218","37678.0","0.0","7","XWeapons.AssaultRiflePickup"
"188.59352746051493","37678.0","-427.87","7","XWeapons.AssaultRiflePickup"
"1303.6191869560682","67014.0","469.59","7","XWeapons.AssaultRiflePickup"
"188.59352746051493","37678.0","-427.87","7","XWeapons.AssaultRiflePickup"
"164.49264208468406","37678.0","0.0","7","XWeapons.AssaultRiflePickup"
"887.4747834727475","55040.0","0.0","7","XWeapons.AssaultRiflePickup"
"164.49264208468406","37678.0","0.0","7","XWeapons.AssaultRiflePickup"
"855.3303284111935","55014.0","251.92","7","XWeapons.AssaultRiflePickup"
"164.49264208468406","37678.0","0.0","7","XWeapons.AssaultRiflePickup"
"164.49264208468406","37678.0","0.0","7","XWeapons.AssaultRiflePickup"
"164.49264208468406","37678.0","0.0","7","XWeapons.AssaultRiflePickup"
"1110.2321397347494","47614.0","-40.26","7","XWeapons.AssaultRiflePickup"
"560.0652492344086","11729.0","0.0","7","XWeapons.AssaultRiflePickup"
"733.5222332008758","55057.0","115.81","7","XWeapons.AssaultRiflePickup"
"747.2372486031461","54927.0","115.81","7","XWeapons.AssaultRiflePickup"
"721.4468058699824","37120.0","-22.82","7","XWeapons.AssaultRiflePickup"
"456.229398110205","54842.0","336.02","7","XWeapons.AssaultRiflePickup"
"413.5526580739144","54433.0","336.02","7","XWeapons.AssaultRiflePickup"
"662.418158718494","48337.0","171.3","7","XWeapons.AssaultRiflePickup"
"331.95031706567175","54132.0","0.0","7","XWeapons.AssaultRiflePickup"
"345.2640435956226","53894.0","0.0","7","XWeapons.AssaultRiflePickup"
"290.38098749746","35218.0","437.35","7","XWeapons.AssaultRiflePickup"
"290.38098749746","35239.0","437.35","7","XWeapons.AssaultRiflePickup"
"174.6626388212431","34968.0","0.0","7","XWeapons.AssaultRiflePickup"
"290.38098749746","35239.0","437.35","7","XWeapons.AssaultRiflePickup"
"174.6626388212431","34968.0","0.0","7","XWeapons.AssaultRiflePickup"
"174.6626388212431","35219.0","0.0","7","XWeapons.AssaultRiflePickup"
"174.6626388212431","35219.0","0.0","7","XWeapons.AssaultRiflePickup"
"174.6626388212431","35219.0","0.0","7","XWeapons.AssaultRiflePickup"
"174.6626388212431","35219.0","0.0","7","XWeapons.AssaultRiflePickup"
"174.6626388212431","35219.0","0.0","7","XWeapons.AssaultRiflePickup"
"409.5231139996861","10347.0","0.0","7","XWeapons.AssaultRiflePickup"
"406.4005140252653","3747.0","0.0","7","XWeapons.AssaultRiflePickup"
"174.6626388212431","35219.0","0.0","7","XWeapons.AssaultRiflePickup"
"174.6626388212431","35219.0","0.0","7","XWeapons.AssaultRiflePickup"
"174.6626388212431","35219.0","0.0","7","XWeapons.AssaultRiflePickup"
"410.7963479633185","3925.0","0.0","7","XWeapons.AssaultRiflePickup"
"410.7963479633185","3925.0","0.0","7","XWeapons.AssaultRiflePickup"
"410.7963479633185","3925.0","0.0","7","XWeapons.AssaultRiflePickup"
"410.7963479633185","3925.0","0.0","7","XWeapons.AssaultRiflePickup"
"1676.8803477887143","84902.0","-151.47","7","XWeapons.AssaultRiflePickup"
"3618.66097234875","33091.0","-439.67","7","XWeapons.AssaultRiflePickup"
"882.4180788039193","81737.0","-439.67","7","XWeapons.AssaultRiflePickup"
"831.7102876001956","82423.0","-439.89","7","XWeapons.AssaultRiflePickup"
"647.9356731960356","81230.0","-439.87","7","XWeapons.AssaultRiflePickup"
"620.8868694053692","84596.0","-439.87","7","XWeapons.AssaultRiflePickup"
"2542.0702531598135","98175.0","439.38","7","XWeapons.AssaultRiflePickup"
"496.2637485249149","82115.0","-439.19","7","XWeapons.AssaultRiflePickup"
"2198.362385094869","32843.0","-439.73","7","XWeapons.AssaultRiflePickup"
"2149.661240335323","35662.0","-439.73","7","XWeapons.AssaultRiflePickup"
"632.2849617854279","58154.0","-439.84","7","XWeapons.AssaultRiflePickup"
"542.5923835624677","29137.0","0.0","7","XWeapons.AssaultRiflePickup"
"720.4297880432209","55027.0","-363.04","7","XWeapons.AssaultRiflePickup"
"542.5923835624677","29137.0","0.0","7","XWeapons.AssaultRiflePickup"
"1655.5576699710584","28362.0","-372.6","7","XWeapons.AssaultRiflePickup"
"542.5923835624677","44349.0","0.0","7","XWeapons.AssaultRiflePickup"
"542.5923835624677","44349.0","0.0","7","XWeapons.AssaultRiflePickup"
"542.5923835624677","57839.0","0.0","7","XWeapons.AssaultRiflePickup"
"542.5923835624677","55633.0","0.0","7","XWeapons.AssaultRiflePickup"
"1938.5200552225401","41278.0","479.41","7","XWeapons.AssaultRiflePickup"
"1926.9645629590595","43822.0","479.41","7","XWeapons.AssaultRiflePickup"
"542.5923835624677","55633.0","0.0","7","XWeapons.AssaultRiflePickup"
"542.5923835624677","55633.0","0.0","7","XWeapons.AssaultRiflePickup"
"955.2060057390761","28555.0","-258.9","7","XWeapons.AssaultRiflePickup"
"542.5923835624677","55633.0","0.0","7","XWeapons.AssaultRiflePickup"
"542.5923835624677","55633.0","0.0","7","XWeapons.AssaultRiflePickup"
"542.5923835624677","55633.0","0.0","7","XWeapons.AssaultRiflePickup"
"542.5923835624677","55633.0","0.0","7","XWeapons.AssaultRiflePickup"
"1387.8952256564614","42216.0","203.34","7","XWeapons.AssaultRiflePickup"
"542.5923835624677","55633.0","0.0","7","XWeapons.AssaultRiflePickup"
"542.5923835624677","55633.0","0.0","7","XWeapons.AssaultRiflePickup"
"542.5923835624677","55633.0","0.0","7","XWeapons.AssaultRiflePickup"
"542.5923835624677","55633.0","0.0","7","XWeapons.AssaultRiflePickup"
"542.5923835624677","55633.0","0.0","7","XWeapons.AssaultRiflePickup"
"542.5923835624677","55633.0","0.0","7","XWeapons.AssaultRiflePickup"
"542.5923835624677","55633.0","0.0","7","XWeapons.AssaultRiflePickup"
"542.5923835624677","55633.0","0.0","7","XWeapons.AssaultRiflePickup"
"612.9123665745374","49718.0","0.0","7","XWeapons.AssaultRiflePickup"
"862.9097606354907","46081.0","0.0","7","XWeapons.AssaultRiflePickup"
"888.2438545241954","42715.0","0.0","7","XWeapons.AssaultRiflePickup"
"1740.145290715692","35818.0","-41.38","7","XWeapons.AssaultRiflePickup"
"542.5923835624677","55633.0","0.0","7","XWeapons.AssaultRiflePickup"
"719.895286343785","59793.0","0.0","7","XWeapons.AssaultRiflePickup"
"542.5923835624677","55633.0","0.0","7","XWeapons.AssaultRiflePickup"
"542.5923835624677","55633.0","0.0","7","XWeapons.AssaultRiflePickup"
"542.5923835624677","55633.0","0.0","7","XWeapons.AssaultRiflePickup"
"733.2889673246146","72788.0","20.49","7","XWeapons.AssaultRiflePickup"
"542.5923835624677","55633.0","0.0","7","XWeapons.AssaultRiflePickup"
"542.5923835624677","55633.0","0.0","7","XWeapons.AssaultRiflePickup"
"542.5923835624677","55633.0","0.0","7","XWeapons.AssaultRiflePickup"
"542.5923835624677","55633.0","0.0","7","XWeapons.AssaultRiflePickup"
"3074.0727113879398","67479.0","268.69","7","XWeapons.AssaultRiflePickup"
"3242.4554468180436","574.0","440.0","7","XWeapons.AssaultRiflePickup"
"2807.6670057184488","101749.0","0.0","7","XWeapons.AssaultRiflePickup"
"3026.0540565231154","57626.0","-8.18","7","XWeapons.AssaultRiflePickup"
"3021.4400397327104","57939.0","-8.18","7","XWeapons.AssaultRiflePickup"
"3356.5476320320554","37051.0","0.0","7","XWeapons.AssaultRiflePickup"
"534.6452922265378","51987.0","-350.73","7","XWeapons.AssaultRiflePickup"
"540.8528736172158","56520.0","-47.23","7","XWeapons.AssaultRiflePickup"
"3149.524459311279","36904.0","479.41","7","XWeapons.AssaultRiflePickup"
"540.8528736172158","63120.0","-47.23","7","XWeapons.AssaultRiflePickup"
"517.3207361009223","62751.0","0.0","7","XWeapons.AssaultRiflePickup"
